name,p_nom,technology,emission_factor,p_nom_max,p_nom_extendable,min_power,efficiency,marginal_cost,bus,capital_cost
Unit_0,31.1,hard coal,0.3,31.1,FALSE,6.22,0.406816435,1.3,193,1300000
Unit_1,233.764,natural gas,0.2,233.764,FALSE,46.7528,0.414665196,5.5,193,800000
Unit_2,61.7,oil,0.25,61.7,FALSE,12.34,0.3487,5.5,193,400000
Unit_3,37.6,waste,0,37.6,FALSE,7.52,0.33,0,193,1000000
Unit_4,51.805,hard coal,0.3,51.805,FALSE,10.361,0.394519632,1.3,87,1300000
Unit_5,338.119692,natural gas,0.2,338.119692,FALSE,67.6239384,0.450377637,5.5,87,800000
Unit_6,29.2,oil,0.25,29.2,FALSE,5.84,0.419450427,5.5,87,400000
Unit_7,162.574,waste,0,162.574,FALSE,32.5148,0.33,0,87,1000000
Unit_8,65.3698,natural gas,0.2,65.3698,FALSE,13.07396,0.425937521,5.5,58,800000
Unit_9,34,oil,0.25,34,FALSE,6.8,0.3046,5.5,58,400000
Unit_10,36,waste,0,36,FALSE,7.2,0.33,0,58,1000000
Unit_11,17,lignite,0.4,17,FALSE,3.4,0.39799937,1.65,58,1500000
Unit_12,88.457,natural gas,0.2,88.457,FALSE,17.6914,0.403050514,5.5,58,800000
Unit_13,167.074,waste,0,167.074,FALSE,33.4148,0.33,0,58,1000000
Unit_14,14.82,natural gas,0.2,14.82,FALSE,2.964,0.490636968,5.5,167,800000
Unit_15,46,waste,0,46,FALSE,9.2,0.33,0,167,1000000
Unit_16,33.932,natural gas,0.2,33.932,FALSE,6.7864,0.424061042,5.5,190,800000
Unit_17,23.875,waste,0,23.875,FALSE,4.775,0.33,0,190,1000000
Unit_18,33.5,lignite,0.4,33.5,FALSE,6.7,0.379586492,1.65,40,1500000
Unit_19,126.023,natural gas,0.2,126.023,FALSE,25.2046,0.404960301,5.5,40,800000
Unit_20,24.81,oil,0.25,24.81,FALSE,4.962,0.456311487,5.5,40,400000
Unit_21,62.099,waste,0,62.099,FALSE,12.4198,0.33,0,40,1000000
Unit_22,66.694,natural gas,0.2,66.694,FALSE,13.3388,0.408598519,5.5,5,800000
Unit_23,18.5,waste,0,18.5,FALSE,3.7,0.33,0,5,1000000
Unit_24,79.4,hard coal,0.3,79.4,FALSE,15.88,0.374986765,1.3,155,1300000
Unit_25,19,lignite,0.4,19,FALSE,3.8,0.335250218,1.65,155,1500000
Unit_26,281.064,natural gas,0.2,281.064,FALSE,56.2128,0.442438392,5.5,155,800000
Unit_27,7.434,oil,0.25,7.434,FALSE,1.4868,0.4602,5.5,155,400000
Unit_28,120.29,waste,0,120.29,FALSE,24.058,0.33,0,155,1000000
Unit_29,22.143,hard coal,0.3,22.143,FALSE,4.4286,0.340961945,1.3,11,1300000
Unit_30,7.2,lignite,0.4,7.2,FALSE,1.44,0.356570393,1.65,11,1500000
Unit_31,34.8,lignite,0.4,34.8,FALSE,6.96,0.302244465,1.65,11,1500000
Unit_32,6.232,natural gas,0.2,6.232,FALSE,1.2464,0.364489377,5.5,11,800000
Unit_33,658.99085,natural gas,0.2,658.99085,FALSE,131.79817,0.419252753,5.5,11,800000
Unit_34,49.4672,oil,0.25,49.4672,FALSE,9.89344,0.383967155,5.5,11,400000
Unit_35,245.716,waste,0,245.716,FALSE,49.1432,0.33,0,11,1000000
Unit_36,86.489,natural gas,0.2,86.489,FALSE,17.2978,0.411787185,5.5,79,800000
Unit_37,11.11,oil,0.25,11.11,FALSE,2.222,0.4469,5.5,79,400000
Unit_38,32.5,waste,0,32.5,FALSE,6.5,0.33,0,79,1000000
Unit_39,43.81,natural gas,0.2,43.81,FALSE,8.762,0.443261118,5.5,122,800000
Unit_40,34.86,oil,0.25,34.86,FALSE,6.972,0.3332,5.5,122,400000
Unit_41,27.6,waste,0,27.6,FALSE,5.52,0.33,0,122,1000000
Unit_42,58.378,natural gas,0.2,58.378,FALSE,11.6756,0.482481487,5.5,2,800000
Unit_43,17.1,oil,0.25,17.1,FALSE,3.42,0.435,5.5,2,400000
Unit_44,15.7,waste,0,15.7,FALSE,3.14,0.33,0,2,1000000
Unit_45,8.8,lignite,0.4,8.8,FALSE,1.76,0.388792931,1.65,175,1500000
Unit_46,72.3,lignite,0.4,72.3,FALSE,14.46,0.363972262,1.65,175,1500000
Unit_47,166.392,natural gas,0.2,166.392,FALSE,33.2784,0.438961106,5.5,175,800000
Unit_48,69.69,waste,0,69.69,FALSE,13.938,0.33,0,175,1000000
Unit_49,23.65,hard coal,0.3,23.65,FALSE,4.73,0.37987921,1.3,96,1300000
Unit_50,38.577,natural gas,0.2,38.577,FALSE,7.7154,0.397015068,5.5,96,800000
Unit_51,52.446,oil,0.25,52.446,FALSE,10.4892,0.388703533,5.5,96,400000
Unit_52,55.36201,waste,0,55.36201,FALSE,11.072402,0.33,0,96,1000000
Unit_53,78.813,natural gas,0.2,78.813,FALSE,15.7626,0.424673541,5.5,128,800000
Unit_54,12.1,waste,0,12.1,FALSE,2.42,0.33,0,128,1000000
Unit_55,78.302,natural gas,0.2,78.302,FALSE,15.6604,0.431877802,5.5,97,800000
Unit_56,57,natural gas,0.2,57,FALSE,11.4,0.314204763,5.5,166,800000
Unit_57,81,natural gas,0.2,81,FALSE,16.2,0.319107807,5.5,166,800000
Unit_58,323,hard coal,0.3,323,FALSE,64.6,0.423280057,1.3,166,1300000
Unit_59,65,natural gas,0.2,65,FALSE,13,0.373041282,5.5,166,800000
Unit_60,628,lignite,0.4,628,FALSE,125.6,0.345062344,1.65,3,1500000
Unit_61,648,lignite,0.4,648,FALSE,129.6,0.345062344,1.65,3,1500000
Unit_62,944,lignite,0.4,944,FALSE,188.8,0.411809029,1.65,3,1500000
Unit_63,115,natural gas,0.2,115,FALSE,23,0.624707296,5.5,58,800000
Unit_64,185,natural gas,0.2,185,FALSE,37,0.624707296,5.5,58,800000
Unit_65,189.5,natural gas,0.2,189.5,FALSE,37.9,0.628913126,5.5,15,800000
Unit_66,72,natural gas,0.2,72,FALSE,14.4,0.321559328,5.5,58,800000
Unit_67,72,natural gas,0.2,72,FALSE,14.4,0.321559328,5.5,58,800000
Unit_68,52,natural gas,0.2,52,FALSE,10.4,0.364489377,5.5,15,800000
Unit_69,56,natural gas,0.2,56,FALSE,11.2,0.364489377,5.5,15,800000
Unit_70,56,natural gas,0.2,56,FALSE,11.2,0.365579425,5.5,15,800000
Unit_71,116,natural gas,0.2,116,FALSE,23.2,0.381930147,5.5,15,800000
Unit_72,164,natural gas,0.2,164,FALSE,32.8,0.373041282,5.5,15,800000
Unit_73,164,natural gas,0.2,164,FALSE,32.8,0.373041282,5.5,15,800000
Unit_74,89,hard coal,0.3,89,FALSE,17.8,0.40791401,1.3,58,1300000
Unit_75,282,hard coal,0.3,282,FALSE,56.4,0.401328561,1.3,58,1300000
Unit_76,282,hard coal,0.3,282,FALSE,56.4,0.40352371,1.3,58,1300000
Unit_77,58.5,natural gas,0.2,58.5,FALSE,11.7,0.624707296,5.5,175,800000
Unit_78,63.5,natural gas,0.2,63.5,FALSE,12.7,0.628913126,5.5,175,800000
Unit_79,108,natural gas,0.2,108,FALSE,21.6,0.544796527,5.5,117,800000
Unit_80,50,natural gas,0.2,50,FALSE,10,0.370589761,5.5,117,800000
Unit_81,73.5,natural gas,0.2,73.5,FALSE,14.7,0.599472316,5.5,158,800000
Unit_82,500,lignite,0.4,500,FALSE,100,0.356570393,1.65,31,1500000
Unit_83,500,lignite,0.4,500,FALSE,100,0.358872003,1.65,31,1500000
Unit_84,840,lignite,0.4,840,FALSE,168,0.4049042,1.65,31,1500000
Unit_85,630,lignite,0.4,630,FALSE,126,0.432523517,1.65,31,1500000
Unit_86,56,natural gas,0.2,56,FALSE,11.2,0.378660003,5.5,115,800000
Unit_87,60,natural gas,0.2,60,FALSE,12,0.519561547,5.5,115,800000
Unit_88,60,natural gas,0.2,60,FALSE,12,0.519561547,5.5,115,800000
Unit_89,68.41,natural gas,0.2,68.41,FALSE,13.682,0.436780845,5.5,8,800000
Unit_90,98.1,natural gas,0.2,98.1,FALSE,19.62,0.641530616,5.5,8,800000
Unit_91,444.5,natural gas,0.2,444.5,FALSE,88.9,0.603678146,5.5,167,800000
Unit_92,105.978,natural gas,0.2,105.978,FALSE,21.1956,0.4742,5.5,167,800000
Unit_93,119,hard coal,0.3,119,FALSE,23.8,0.40571886,1.3,167,1300000
Unit_94,86,oil,0.25,86,FALSE,17.2,0.315,5.5,167,400000
Unit_95,137,natural gas,0.2,137,FALSE,27.4,0.382847369,5.5,196,800000
Unit_96,72.46,natural gas,0.2,72.46,FALSE,14.492,0.349228703,5.5,196,800000
Unit_97,53.481,natural gas,0.2,53.481,FALSE,10.6962,0.4728,5.5,61,800000
Unit_98,1052,hard coal,0.3,1052,FALSE,210.4,0.4737685,1.3,98,1300000
Unit_99,194,natural gas,0.2,194,FALSE,38.8,0.385200291,5.5,135,800000
Unit_100,184,natural gas,0.2,184,FALSE,36.8,0.380395847,5.5,135,800000
Unit_101,184,natural gas,0.2,184,FALSE,36.8,0.380395847,5.5,135,800000
Unit_102,58.681,natural gas,0.2,58.681,FALSE,11.7362,0.637324786,5.5,43,800000
Unit_103,74,natural gas,0.2,74,FALSE,14.8,0.379750051,5.5,22,800000
Unit_104,62,natural gas,0.2,62,FALSE,12.4,0.523767377,5.5,22,800000
Unit_105,62,natural gas,0.2,62,FALSE,12.4,0.523767377,5.5,22,800000
Unit_106,62,natural gas,0.2,62,FALSE,12.4,0.523767377,5.5,22,800000
Unit_107,75.2,natural gas,0.2,75.2,FALSE,15.04,0.390201934,5.5,139,800000
Unit_108,75.2,natural gas,0.2,75.2,FALSE,15.04,0.390201934,5.5,139,800000
Unit_109,84,natural gas,0.2,84,FALSE,16.8,0.390650532,5.5,139,800000
Unit_110,725,hard coal,0.3,725,FALSE,145,0.458402452,1.3,156,1300000
Unit_111,86.2,oil,0.25,86.2,FALSE,17.24,0.3072,5.5,135,400000
Unit_112,100,natural gas,0.2,100,FALSE,20,0.544796527,5.5,135,800000
Unit_113,66.7,natural gas,0.2,66.7,FALSE,13.34,0.316656285,5.5,135,800000
Unit_114,64.7,natural gas,0.2,64.7,FALSE,12.94,0.319107807,5.5,135,800000
Unit_115,595,natural gas,0.2,595,FALSE,119,0.612089806,5.5,135,800000
Unit_116,61.6,natural gas,0.2,61.6,FALSE,12.32,0.35132835,5.5,61,800000
Unit_117,321,natural gas,0.2,321,FALSE,64.2,0.326462372,5.5,6,800000
Unit_118,75.185,natural gas,0.2,75.185,FALSE,15.037,0.616295636,5.5,145,800000
Unit_119,433,natural gas,0.2,433,FALSE,86.6,0.431239119,5.5,163,800000
Unit_120,112.719,natural gas,0.2,112.719,FALSE,22.5438,0.35974001,5.5,0,800000
Unit_121,321,lignite,0.4,321,FALSE,64.2,0.328951076,1.65,88,1500000
Unit_122,663,lignite,0.4,663,FALSE,132.6,0.345062344,1.65,88,1500000
Unit_123,200,natural gas,0.2,200,FALSE,40,0.39174058,5.5,88,800000
Unit_124,656,lignite,0.4,656,FALSE,131.2,0.347363954,1.65,88,1500000
Unit_125,200,natural gas,0.2,200,FALSE,40,0.39174058,5.5,88,800000
Unit_126,50.1,natural gas,0.2,50.1,FALSE,10.02,0.419620193,5.5,107,800000
Unit_127,60,natural gas,0.2,60,FALSE,12,0.434329323,5.5,107,800000
Unit_128,71,waste,0,71,FALSE,14.2,0.33,0,54,1000000
Unit_129,92,natural gas,0.2,92,FALSE,18.4,0.434329323,5.5,54,800000
Unit_130,92,natural gas,0.2,92,FALSE,18.4,0.434329323,5.5,54,800000
Unit_131,53.6,natural gas,0.2,53.6,FALSE,10.72,0.557414017,5.5,54,800000
Unit_132,70,natural gas,0.2,70,FALSE,14,0.565825677,5.5,54,800000
Unit_133,61.5,hard coal,0.3,61.5,FALSE,12.3,0.40791401,1.3,100,1300000
Unit_134,61.5,hard coal,0.3,61.5,FALSE,12.3,0.40791401,1.3,100,1300000
Unit_135,110.755,natural gas,0.2,110.755,FALSE,22.151,0.365686718,5.5,100,800000
Unit_136,56,lignite,0.4,56,FALSE,11.2,0.317443027,1.65,135,1500000
Unit_137,52.93,natural gas,0.2,52.93,FALSE,10.586,0.645736446,5.5,125,800000
Unit_138,52.93,natural gas,0.2,52.93,FALSE,10.586,0.645736446,5.5,125,800000
Unit_139,1060,lignite,0.4,1060,FALSE,212,0.432523517,1.65,3,1500000
Unit_140,1060,lignite,0.4,1060,FALSE,212,0.432523517,1.65,3,1500000
Unit_141,126,natural gas,0.2,126,FALSE,25.2,0.333816936,5.5,157,800000
Unit_142,121,natural gas,0.2,121,FALSE,24.2,0.333816936,5.5,157,800000
Unit_143,56.845,natural gas,0.2,56.845,FALSE,11.369,0.628913126,5.5,119,800000
Unit_144,57.144,natural gas,0.2,57.144,FALSE,11.4288,0.628913126,5.5,119,800000
Unit_145,57.322,natural gas,0.2,57.322,FALSE,11.4644,0.42942628,5.5,119,800000
Unit_146,54.832533,natural gas,0.2,54.832533,FALSE,10.9665066,0.519561547,5.5,119,800000
Unit_147,127,natural gas,0.2,127,FALSE,25.4,0.582648997,5.5,23,800000
Unit_148,154,hard coal,0.3,154,FALSE,30.8,0.414499459,1.3,23,1300000
Unit_149,407,natural gas,0.2,407,FALSE,81.4,0.574237337,5.5,174,800000
Unit_150,445,natural gas,0.2,445,FALSE,89,0.574237337,5.5,174,800000
Unit_151,136,hard coal,0.3,136,FALSE,27.2,0.40571886,1.3,78,1300000
Unit_152,136,hard coal,0.3,136,FALSE,27.2,0.40571886,1.3,78,1300000
Unit_153,78,natural gas,0.2,78,FALSE,15.6,0.370589761,5.5,78,800000
Unit_154,82,natural gas,0.2,82,FALSE,16.4,0.591060656,5.5,78,800000
Unit_155,70,natural gas,0.2,70,FALSE,14,0.582648997,5.5,78,800000
Unit_156,778,hard coal,0.3,778,FALSE,155.6,0.396938261,1.3,161,1300000
Unit_157,417,natural gas,0.2,417,FALSE,83.4,0.574237337,5.5,157,800000
Unit_158,52.7,natural gas,0.2,52.7,FALSE,10.54,0.402459542,5.5,164,800000
Unit_159,657,natural gas,0.2,657,FALSE,131.4,0.637324786,5.5,98,800000
Unit_160,460,hard coal,0.3,460,FALSE,92,0.40571886,1.3,98,1300000
Unit_161,280,natural gas,0.2,280,FALSE,56,0.574237337,5.5,42,800000
Unit_162,308,natural gas,0.2,308,FALSE,61.6,0.574237337,5.5,42,800000
Unit_163,308,natural gas,0.2,308,FALSE,61.6,0.574237337,5.5,42,800000
Unit_164,98,lignite,0.4,98,FALSE,19.6,0.386491321,1.65,42,1500000
Unit_165,63,lignite,0.4,63,FALSE,12.6,0.386491321,1.65,42,1500000
Unit_166,430,natural gas,0.2,430,FALSE,86,0.412265628,5.5,42,800000
Unit_167,59.8,natural gas,0.2,59.8,FALSE,11.96,0.276195478,5.5,148,800000
Unit_168,517,hard coal,0.3,517,FALSE,103.4,0.396938261,1.3,187,1300000
Unit_169,834,hard coal,0.3,834,FALSE,166.8,0.460597602,1.3,187,1300000
Unit_170,83,natural gas,0.2,83,FALSE,16.6,0.333816936,5.5,1,800000
Unit_171,75.3,lignite,0.4,75.3,FALSE,15.06,0.427920298,1.65,93,1500000
Unit_172,147,natural gas,0.2,147,FALSE,29.4,0.390650532,5.5,93,800000
Unit_173,266,natural gas,0.2,266,FALSE,53.2,0.392653455,5.5,93,800000
Unit_174,108.2,natural gas,0.2,108.2,FALSE,21.64,0.561619847,5.5,93,800000
Unit_175,452.9,natural gas,0.2,452.9,FALSE,90.58,0.612089806,5.5,93,800000
Unit_176,92,oil,0.25,92,FALSE,18.4,0.38,5.5,42,400000
Unit_177,431,natural gas,0.2,431,FALSE,86.2,0.431239119,5.5,25,800000
Unit_178,63.54,natural gas,0.2,63.54,FALSE,12.708,0.527973207,5.5,34,800000
Unit_179,64.603,natural gas,0.2,64.603,FALSE,12.9206,0.586854826,5.5,34,800000
Unit_180,67.5,natural gas,0.2,67.5,FALSE,13.5,0.434329323,5.5,34,800000
Unit_181,67.5,natural gas,0.2,67.5,FALSE,13.5,0.434329323,5.5,34,800000
Unit_182,55.4,natural gas,0.2,55.4,FALSE,11.08,0.434329323,5.5,119,800000
Unit_183,359,natural gas,0.2,359,FALSE,71.8,0.35685904,5.5,19,800000
Unit_184,58,natural gas,0.2,58,FALSE,11.6,0.591060656,5.5,19,800000
Unit_185,58,natural gas,0.2,58,FALSE,11.6,0.591060656,5.5,19,800000
Unit_186,359,natural gas,0.2,359,FALSE,71.8,0.439650779,5.5,19,800000
Unit_187,58,natural gas,0.2,58,FALSE,11.6,0.407362585,5.5,19,800000
Unit_188,58,natural gas,0.2,58,FALSE,11.6,0.407362585,5.5,19,800000
Unit_189,340,natural gas,0.2,340,FALSE,68,0.396100773,5.5,19,800000
Unit_190,293.5,natural gas,0.2,293.5,FALSE,58.7,0.586854826,5.5,19,800000
Unit_191,293.5,natural gas,0.2,293.5,FALSE,58.7,0.586854826,5.5,19,800000
Unit_192,89.5,natural gas,0.2,89.5,FALSE,17.9,0.565825677,5.5,38,800000
Unit_193,204,natural gas,0.2,204,FALSE,40.8,0.565825677,5.5,38,800000
Unit_194,204,natural gas,0.2,204,FALSE,40.8,0.565825677,5.5,38,800000
Unit_195,71.5,natural gas,0.2,71.5,FALSE,14.3,0.532179037,5.5,38,800000
Unit_196,173,natural gas,0.2,173,FALSE,34.6,0.532179037,5.5,38,800000
Unit_197,165.5,natural gas,0.2,165.5,FALSE,33.1,0.532179037,5.5,38,800000
Unit_198,746,hard coal,0.3,746,FALSE,149.2,0.458402452,1.3,11,1300000
Unit_199,90,natural gas,0.2,90,FALSE,18,0.32401085,5.5,54,800000
Unit_200,139.7,natural gas,0.2,139.7,FALSE,27.94,0.386290339,5.5,54,800000
Unit_201,291.3,natural gas,0.2,291.3,FALSE,58.26,0.382847369,5.5,54,800000
Unit_202,255,hard coal,0.3,255,FALSE,51,0.440841255,1.3,38,1300000
Unit_203,435,hard coal,0.3,435,FALSE,87,0.414499459,1.3,38,1300000
Unit_204,843,hard coal,0.3,843,FALSE,168.6,0.462792751,1.3,38,1300000
Unit_205,61.127,natural gas,0.2,61.127,FALSE,12.2254,0.431239119,5.5,125,800000
Unit_206,77.567,natural gas,0.2,77.567,FALSE,15.5134,0.435444949,5.5,125,800000
Unit_207,53.5,natural gas,0.2,53.5,FALSE,10.7,0.637324786,5.5,125,800000
Unit_208,53.5,natural gas,0.2,53.5,FALSE,10.7,0.637324786,5.5,125,800000
Unit_209,53.5,natural gas,0.2,53.5,FALSE,10.7,0.637324786,5.5,125,800000
Unit_210,52.451,natural gas,0.2,52.451,FALSE,10.4902,0.431877802,5.5,28,800000
Unit_211,52.768,natural gas,0.2,52.768,FALSE,10.5536,0.431877802,5.5,28,800000
Unit_212,97.9,natural gas,0.2,97.9,FALSE,19.58,0.460679928,5.5,28,800000
Unit_213,97.9,natural gas,0.2,97.9,FALSE,19.58,0.460679928,5.5,28,800000
Unit_214,127.6,natural gas,0.2,127.6,FALSE,25.52,0.561619847,5.5,28,800000
Unit_215,146.3,natural gas,0.2,146.3,FALSE,29.26,0.633118956,5.5,28,800000
Unit_216,146.3,natural gas,0.2,146.3,FALSE,29.26,0.633118956,5.5,28,800000
Unit_217,891,lignite,0.4,891,FALSE,178.2,0.40260259,1.65,34,1500000
Unit_218,891,lignite,0.4,891,FALSE,178.2,0.4049042,1.65,34,1500000
Unit_219,53,natural gas,0.2,53,FALSE,10.6,0.565825677,5.5,84,800000
Unit_220,53,natural gas,0.2,53,FALSE,10.6,0.565825677,5.5,84,800000
Unit_221,383,natural gas,0.2,383,FALSE,76.6,0.355768992,5.5,84,800000
Unit_222,387,natural gas,0.2,387,FALSE,77.4,0.357949088,5.5,84,800000
Unit_223,53,natural gas,0.2,53,FALSE,10.6,0.439650779,5.5,84,800000
Unit_224,54,hard coal,0.3,54,FALSE,10.8,0.40352371,1.3,100,1300000
Unit_225,87,oil,0.25,87,FALSE,17.4,0.3072,5.5,71,400000
Unit_226,90,oil,0.25,90,FALSE,18,0.3904,5.5,96,400000
Unit_227,78.157,natural gas,0.2,78.157,FALSE,15.6314,0.586854826,5.5,95,800000
Unit_228,54,natural gas,0.2,54,FALSE,10.8,0.370589761,5.5,77,800000
Unit_229,514,hard coal,0.3,514,FALSE,102.8,0.416694608,1.3,132,1300000
Unit_230,112.5,natural gas,0.2,112.5,FALSE,22.5,0.540590697,5.5,54,800000
Unit_231,52.496,natural gas,0.2,52.496,FALSE,10.4992,0.4728,5.5,122,800000
Unit_232,53,natural gas,0.2,53,FALSE,10.6,0.372119714,5.5,122,800000
Unit_233,450,lignite,0.4,450,FALSE,90,0.393396151,1.65,119,1500000
Unit_234,110,lignite,0.4,110,FALSE,22,0.39569776,1.65,119,1500000
Unit_235,450,lignite,0.4,450,FALSE,90,0.39569776,1.65,119,1500000
Unit_236,51.431,natural gas,0.2,51.431,FALSE,10.2862,0.519561547,5.5,83,800000
Unit_237,106,oil,0.25,106,FALSE,21.2,0.3828,5.5,103,400000
Unit_238,106,oil,0.25,106,FALSE,21.2,0.3828,5.5,103,400000
Unit_239,59,oil,0.25,59,FALSE,11.8,0.3971,5.5,103,400000
Unit_240,755,lignite,0.4,755,FALSE,151,0.39799937,1.65,31,1500000
Unit_241,755,lignite,0.4,755,FALSE,151,0.40030098,1.65,31,1500000
Unit_242,100,natural gas,0.2,100,FALSE,20,0.532179037,5.5,175,800000
Unit_243,500,lignite,0.4,500,FALSE,100,0.361173613,1.65,61,1500000
Unit_244,500,lignite,0.4,500,FALSE,100,0.363475223,1.65,61,1500000
Unit_245,500,lignite,0.4,500,FALSE,100,0.368078443,1.65,61,1500000
Unit_246,500,lignite,0.4,500,FALSE,100,0.370380052,1.65,61,1500000
Unit_247,136,oil,0.25,136,FALSE,27.2,0.3306,5.5,161,400000
Unit_248,51,oil,0.25,51,FALSE,10.2,0.3072,5.5,23,400000
Unit_249,137,hard coal,0.3,137,FALSE,27.4,0.414499459,1.3,23,1300000
Unit_250,116,hard coal,0.3,116,FALSE,23.2,0.414499459,1.3,23,1300000
Unit_251,98,oil,0.25,98,FALSE,19.6,0.315,5.5,140,400000
Unit_252,98,oil,0.25,98,FALSE,19.6,0.3575,5.5,140,400000
Unit_253,55,natural gas,0.2,55,FALSE,11,0.431239119,5.5,75,800000
Unit_254,55,natural gas,0.2,55,FALSE,11,0.431239119,5.5,75,800000
Unit_255,355,natural gas,0.2,355,FALSE,71,0.355768992,5.5,75,800000
Unit_256,55,natural gas,0.2,55,FALSE,11,0.435444949,5.5,75,800000
Unit_257,112,natural gas,0.2,112,FALSE,22.4,0.341171501,5.5,75,800000
Unit_258,51.9,natural gas,0.2,51.9,FALSE,10.38,0.370589761,5.5,42,800000
Unit_259,90,oil,0.25,90,FALSE,18,0.3432,5.5,42,400000
Unit_260,726,hard coal,0.3,726,FALSE,145.2,0.462792751,1.3,53,1300000
Unit_261,90.51,natural gas,0.2,90.51,FALSE,18.102,0.641530616,5.5,74,800000
Unit_262,99.99,natural gas,0.2,99.99,FALSE,19.998,0.641530616,5.5,74,800000
Unit_263,61,hard coal,0.3,61,FALSE,12.2,0.425475207,1.3,74,1300000
Unit_264,61,hard coal,0.3,61,FALSE,12.2,0.425475207,1.3,74,1300000
Unit_265,138.5,hard coal,0.3,138.5,FALSE,27.7,0.396938261,1.3,74,1300000
Unit_266,138.5,hard coal,0.3,138.5,FALSE,27.7,0.396938261,1.3,74,1300000
Unit_267,90.784,natural gas,0.2,90.784,FALSE,18.1568,0.574237337,5.5,187,800000
Unit_268,51,natural gas,0.2,51,FALSE,10.2,0.392653455,5.5,51,800000
Unit_269,472,hard coal,0.3,472,FALSE,94.4,0.396938261,1.3,46,1300000
Unit_270,58.172,lignite,0.4,58.172,FALSE,11.6344,0.377284882,1.65,101,1500000
Unit_271,79.7,natural gas,0.2,79.7,FALSE,15.94,0.460679928,5.5,28,800000
Unit_272,56,oil,0.25,56,FALSE,11.2,0.3176,5.5,53,400000
Unit_273,350,hard coal,0.3,350,FALSE,70,0.361815866,1.3,6,1300000
Unit_274,92.332,lignite,0.4,92.332,FALSE,18.4664,0.381888101,1.65,101,1500000
Unit_275,607,lignite,0.4,607,FALSE,121.4,0.347363954,1.65,3,1500000
Unit_276,604,lignite,0.4,604,FALSE,120.8,0.349665564,1.65,3,1500000
Unit_277,68.4,hard coal,0.3,68.4,FALSE,13.68,0.392547962,1.3,125,1300000
Unit_278,55.56,hard coal,0.3,55.56,FALSE,11.112,0.366206166,1.3,125,1300000
Unit_279,52,natural gas,0.2,52,FALSE,10.4,0.431239119,5.5,163,800000
Unit_280,56,natural gas,0.2,56,FALSE,11.2,0.427033289,5.5,25,800000
Unit_281,355,natural gas,0.2,355,FALSE,71,0.354678944,5.5,75,800000
Unit_282,355,natural gas,0.2,355,FALSE,71,0.355768992,5.5,75,800000
Unit_283,295,lignite,0.4,295,FALSE,59,0.335855905,1.65,3,1500000
Unit_284,299,lignite,0.4,299,FALSE,59.8,0.338157515,1.65,3,1500000
Unit_285,292,lignite,0.4,292,FALSE,58.4,0.342760735,1.65,3,1500000
Unit_286,500,lignite,0.4,500,FALSE,100,0.374983272,1.65,61,1500000
Unit_287,500,lignite,0.4,500,FALSE,100,0.379586492,1.65,61,1500000
Unit_288,433,hard coal,0.3,433,FALSE,86.6,0.396938261,1.3,166,1300000
Unit_289,720,hard coal,0.3,720,FALSE,144,0.388157663,1.3,75,1300000
Unit_290,726,hard coal,0.3,726,FALSE,145.2,0.392547962,1.3,122,1300000
Unit_291,345,hard coal,0.3,345,FALSE,69,0.359620717,1.3,125,1300000
Unit_292,345,hard coal,0.3,345,FALSE,69,0.361815866,1.3,125,1300000
Unit_293,580,natural gas,0.2,580,FALSE,116,0.360129184,5.5,0,800000
Unit_294,522,hard coal,0.3,522,FALSE,104.4,0.412304309,1.3,0,1300000
Unit_295,386,oil,0.25,386,FALSE,77.2,0.3553,5.5,87,400000
Unit_296,386,oil,0.25,386,FALSE,77.2,0.3564,5.5,87,400000
Unit_297,125,hard coal,0.3,125,FALSE,25,0.353035268,1.3,161,1300000
Unit_298,125,hard coal,0.3,125,FALSE,25,0.355230417,1.3,161,1300000
Unit_299,114,natural gas,0.2,114,FALSE,22.8,0.383020195,5.5,187,800000
Unit_300,239,natural gas,0.2,239,FALSE,47.8,0.375492804,5.5,187,800000
Unit_301,250,natural gas,0.2,250,FALSE,50,0.360129184,5.5,54,800000
Unit_302,425,hard coal,0.3,425,FALSE,85,0.390352812,1.3,38,1300000
Unit_303,85,oil,0.25,85,FALSE,17,0.315,5.5,17,400000
Unit_304,875,hard coal,0.3,875,FALSE,175,0.401328561,1.3,199,1300000
Unit_305,655.6,hard coal,0.3,655.6,FALSE,131.12,0.377181914,1.3,122,1300000
Unit_306,282,natural gas,0.2,282,FALSE,56.4,0.404911064,5.5,87,800000
Unit_307,282,natural gas,0.2,282,FALSE,56.4,0.404911064,5.5,87,800000
Unit_308,282,natural gas,0.2,282,FALSE,56.4,0.404911064,5.5,87,800000
Unit_309,576,natural gas,0.2,576,FALSE,115.2,0.407362585,5.5,87,800000
Unit_310,211,hard coal,0.3,211,FALSE,42.2,0.40571886,1.3,16,1300000
Unit_311,179,hard coal,0.3,179,FALSE,35.8,0.390352812,1.3,16,1300000
Unit_312,96,hard coal,0.3,96,FALSE,19.2,0.350840118,1.3,161,1300000
Unit_313,148,hard coal,0.3,148,FALSE,29.6,0.357425567,1.3,161,1300000
Unit_314,77.4,oil,0.25,77.4,FALSE,15.48,0.3046,5.5,17,400000
Unit_315,263.5,oil,0.25,263.5,FALSE,52.7,0.3575,5.5,17,400000
Unit_316,415,oil,0.25,415,FALSE,83,0.3564,5.5,87,400000
Unit_317,52.28,natural gas,0.2,52.28,FALSE,10.456,0.381733322,5.5,187,800000
Unit_318,71.955,natural gas,0.2,71.955,FALSE,14.391,0.399762807,5.5,85,800000
Unit_319,130.574,natural gas,0.2,130.574,FALSE,26.1148,0.478000698,5.5,30,800000
Unit_320,54,waste,0,54,FALSE,10.8,0.33,0,175,1000000
Unit_321,72,natural gas,0.2,72,FALSE,14.4,0.340263607,5.5,1,800000
Unit_322,55.4,natural gas,0.2,55.4,FALSE,11.08,0.374899525,5.5,8,800000
Unit_323,65.1,waste,0,65.1,FALSE,13.02,0.33,0,167,1000000
Unit_324,112.6,natural gas,0.2,112.6,FALSE,22.52,0.374650252,5.5,196,800000
Unit_325,151.402,natural gas,0.2,151.402,FALSE,30.2804,0.47361137,5.5,101,800000
Unit_326,209.603,natural gas,0.2,209.603,FALSE,41.9206,0.449561253,5.5,22,800000
Unit_327,52.154,natural gas,0.2,52.154,FALSE,10.4308,0.443413457,5.5,139,800000
Unit_328,81.296,natural gas,0.2,81.296,FALSE,16.2592,0.36709321,5.5,135,800000
Unit_329,104.23769,natural gas,0.2,104.23769,FALSE,20.847538,0.48053449,5.5,34,800000
Unit_330,123.5,natural gas,0.2,123.5,FALSE,24.7,0.503195978,5.5,128,800000
Unit_331,129.624,natural gas,0.2,129.624,FALSE,25.9248,0.406820465,5.5,84,800000
Unit_332,93.4,natural gas,0.2,93.4,FALSE,18.68,0.393551881,5.5,107,800000
Unit_333,65.8,hard coal,0.3,65.8,FALSE,13.16,0.400230986,1.3,107,1300000
Unit_334,194.013,natural gas,0.2,194.013,FALSE,38.8026,0.394772316,5.5,54,800000
Unit_335,91.382,waste,0,91.382,FALSE,18.2764,0.33,0,100,1000000
Unit_336,50.5,natural gas,0.2,50.5,FALSE,10.1,0.4728,5.5,61,800000
Unit_337,85.256,natural gas,0.2,85.256,FALSE,17.0512,0.458676462,5.5,69,800000
Unit_338,54.106,natural gas,0.2,54.106,FALSE,10.8212,0.412825794,5.5,33,800000
Unit_339,229.375,oil,0.25,229.375,FALSE,45.875,0.371376567,5.5,119,400000
Unit_340,161.558467,natural gas,0.2,161.558467,FALSE,32.3116934,0.368993811,5.5,119,800000
Unit_341,210.335,natural gas,0.2,210.335,FALSE,42.067,0.380934524,5.5,164,800000
Unit_342,65.52,waste,0,65.52,FALSE,13.104,0.33,0,125,1000000
Unit_343,198.885,natural gas,0.2,198.885,FALSE,39.777,0.432699986,5.5,54,800000
Unit_344,241.875,natural gas,0.2,241.875,FALSE,48.375,0.399026226,5.5,14,800000
Unit_345,95,oil,0.25,95,FALSE,19,0.3795,5.5,187,400000
Unit_346,80.195,natural gas,0.2,80.195,FALSE,16.039,0.373172226,5.5,87,800000
Unit_347,189.12,natural gas,0.2,189.12,FALSE,37.824,0.4672,5.5,10,800000
Unit_348,64,waste,0,64,FALSE,12.8,0.33,0,93,1000000
Unit_349,54.222,hard coal,0.3,54.222,FALSE,10.8444,0.370649702,1.3,139,1300000
Unit_350,74.5,natural gas,0.2,74.5,FALSE,14.9,0.351113242,5.5,139,800000
Unit_351,75.53,hard coal,0.3,75.53,FALSE,15.106,0.368967207,1.3,93,1300000
Unit_352,52.47,natural gas,0.2,52.47,FALSE,10.494,0.344168294,5.5,93,800000
Unit_353,66.1,natural gas,0.2,66.1,FALSE,13.22,0.373846298,5.5,19,800000
Unit_354,88.04091,waste,0,88.04091,FALSE,17.608182,0.33,0,38,1000000
Unit_355,66.87947,natural gas,0.2,66.87947,FALSE,13.375894,0.367666187,5.5,38,800000
Unit_356,62.8,waste,0,62.8,FALSE,12.56,0.33,0,27,1000000
Unit_357,204.15,natural gas,0.2,204.15,FALSE,40.83,0.446268228,5.5,125,800000
Unit_358,62.7,natural gas,0.2,62.7,FALSE,12.54,0.405910009,5.5,195,800000
Unit_359,59.64,oil,0.25,59.64,FALSE,11.928,0.348476056,5.5,46,400000
Unit_360,100.9,natural gas,0.2,100.9,FALSE,20.18,0.394226293,5.5,116,800000
Unit_361,73.345,natural gas,0.2,73.345,FALSE,14.669,0.477977178,5.5,41,800000
Unit_362,61.5,waste,0,61.5,FALSE,12.3,0.33,0,29,1000000
Unit_363,52.899,natural gas,0.2,52.899,FALSE,10.5798,0.471198968,5.5,21,800000
Unit_364,81.8,natural gas,0.2,81.8,FALSE,16.36,0.527973207,5.5,58,800000
Unit_365,83.14,hard coal,0.3,83.14,FALSE,16.628,0.405541431,1.3,77,1300000
Unit_366,108,natural gas,0.2,108,FALSE,21.6,0.527973207,5.5,132,800000
Unit_367,112.6102,natural gas,0.2,112.6102,FALSE,22.52204,0.525004601,5.5,122,800000
Unit_368,83.098,natural gas,0.2,83.098,FALSE,16.6196,0.404707708,5.5,47,800000
Unit_369,50,waste,0,50,FALSE,10,0.33,0,12,1000000
Unit_370,78.049,natural gas,0.2,78.049,FALSE,15.6098,0.45226283,5.5,83,800000
Unit_371,62.5,oil,0.25,62.5,FALSE,12.5,0.3675584,5.5,103,400000
Unit_372,92.907,natural gas,0.2,92.907,FALSE,18.5814,0.601195716,5.5,194,800000
Unit_373,134.702,natural gas,0.2,134.702,FALSE,26.9404,0.376736341,5.5,17,800000
Unit_374,192.645,natural gas,0.2,192.645,FALSE,38.529,0.40884778,5.5,39,800000
Unit_375,109.5,hard coal,0.3,109.5,FALSE,21.9,0.402711806,1.3,17,1300000
Unit_376,61.054,natural gas,0.2,61.054,FALSE,12.2108,0.452023829,5.5,180,800000
Unit_377,61,oil,0.25,61,FALSE,12.2,0.36972623,5.5,42,400000
Unit_378,98.8,natural gas,0.2,98.8,FALSE,19.76,0.633118956,5.5,74,800000
Unit_379,98.019,natural gas,0.2,98.019,FALSE,19.6038,0.388281644,5.5,49,800000
Unit_380,98,natural gas,0.2,98,FALSE,19.6,0.385789855,5.5,51,800000
Unit_381,75.643,natural gas,0.2,75.643,FALSE,15.1286,0.400649121,5.5,27,800000
Unit_382,92.8,oil,0.25,92.8,FALSE,18.56,0.3332,5.5,130,400000
Unit_383,58.8,oil,0.25,58.8,FALSE,11.76,0.4008,5.5,49,400000
Unit_384,133.864,hard coal,0.3,133.864,FALSE,26.7728,0.326467109,1.3,125,1300000
Unit_385,148.416,natural gas,0.2,148.416,FALSE,29.6832,0.357719272,5.5,15,800000
Unit_386,93,natural gas,0.2,93,FALSE,18.6,0.407362585,5.5,150,800000
Unit_387,64,natural gas,0.2,64,FALSE,12.8,0.351953823,5.5,47,800000
Unit_388,186.756,natural gas,0.2,186.756,FALSE,37.3512,0.349532635,5.5,58,800000
Unit_389,28.09626261,biomass,0,28.09626261,FALSE,0,1,0,63,2209000
Unit_390,2.69158504,hydro,0,2.69158504,FALSE,0,1,0,63,2000000
Unit_391,38.12374431,biomass,0,38.12374431,FALSE,0,1,0,63,2209000
Unit_392,34.57373445,biomass,0,34.57373445,FALSE,0,1,0,86,2209000
Unit_393,17.94013452,biomass,0,17.94013452,FALSE,0,1,0,58,2209000
Unit_394,67.84397629,biomass,0,67.84397629,FALSE,0,1,0,15,2209000
Unit_395,22.91307697,biomass,0,22.91307697,FALSE,0,1,0,111,2209000
Unit_396,8.287414367,hydro,0,8.287414367,FALSE,0,1,0,111,2000000
Unit_397,71.90565577,biomass,0,71.90565577,FALSE,0,1,0,165,2209000
Unit_398,114.6439326,hydro,0,114.6439326,FALSE,0,1,0,165,2000000
Unit_399,107.8454321,biomass,0,107.8454321,FALSE,0,1,0,74,2209000
Unit_400,63.68892133,biomass,0,63.68892133,FALSE,0,1,0,104,2209000
Unit_401,37.94288353,biomass,0,37.94288353,FALSE,0,1,0,111,2209000
Unit_402,256.7229802,hydro,0,256.7229802,FALSE,0,1,0,111,2000000
Unit_403,14.75355712,biomass,0,14.75355712,FALSE,0,1,0,23,2209000
Unit_404,50.42252594,biomass,0,50.42252594,FALSE,0,1,0,71,2209000
Unit_405,36.48276408,biomass,0,36.48276408,FALSE,0,1,0,23,2209000
Unit_406,90.71439532,biomass,0,90.71439532,FALSE,0,1,0,96,2209000
Unit_407,13.94245761,biomass,0,13.94245761,FALSE,0,1,0,23,2209000
Unit_408,41.11108517,biomass,0,41.11108517,FALSE,0,1,0,63,2209000
Unit_409,26.92857274,biomass,0,26.92857274,FALSE,0,1,0,39,2209000
Unit_410,8.325943428,biomass,0,8.325943428,FALSE,0,1,0,164,2209000
Unit_411,5.039828496,hydro,0,5.039828496,FALSE,0,1,0,164,2000000
Unit_412,12.44306592,biomass,0,12.44306592,FALSE,0,1,0,128,2209000
Unit_413,2.025700775,hydro,0,2.025700775,FALSE,0,1,0,128,2000000
Unit_414,23.62585029,biomass,0,23.62585029,FALSE,0,1,0,108,2209000
Unit_415,11.16403149,hydro,0,11.16403149,FALSE,0,1,0,108,2000000
Unit_416,2.315979321,biomass,0,2.315979321,FALSE,0,1,0,53,2209000
Unit_417,19.06841139,biomass,0,19.06841139,FALSE,0,1,0,53,2209000
Unit_418,18.5527087,biomass,0,18.5527087,FALSE,0,1,0,27,2209000
Unit_419,196.5485814,biomass,0,196.5485814,FALSE,0,1,0,133,2209000
Unit_420,78.69362607,biomass,0,78.69362607,FALSE,0,1,0,184,2209000
Unit_421,47.44576195,biomass,0,47.44576195,FALSE,0,1,0,137,2209000
Unit_422,52.73548687,biomass,0,52.73548687,FALSE,0,1,0,5,2209000
Unit_423,36.64380847,biomass,0,36.64380847,FALSE,0,1,0,115,2209000
Unit_424,68.84174892,biomass,0,68.84174892,FALSE,0,1,0,58,2209000
Unit_425,18.09406527,biomass,0,18.09406527,FALSE,0,1,0,153,2209000
Unit_426,24.87645223,biomass,0,24.87645223,FALSE,0,1,0,153,2209000
Unit_427,12.2025681,hydro,0,12.2025681,FALSE,0,1,0,153,2000000
Unit_428,41.00945591,biomass,0,41.00945591,FALSE,0,1,0,138,2209000
Unit_429,5.082011492,hydro,0,5.082011492,FALSE,0,1,0,138,2000000
Unit_430,7.029935483,biomass,0,7.029935483,FALSE,0,1,0,69,2209000
Unit_431,3.938049428,hydro,0,3.938049428,FALSE,0,1,0,69,2000000
Unit_432,17.21628422,biomass,0,17.21628422,FALSE,0,1,0,21,2209000
Unit_433,5.843512812,hydro,0,5.843512812,FALSE,0,1,0,21,2000000
Unit_434,75.20885091,biomass,0,75.20885091,FALSE,0,1,0,6,2209000
Unit_435,17.36494048,biomass,0,17.36494048,FALSE,0,1,0,171,2209000
Unit_436,15.30432983,biomass,0,15.30432983,FALSE,0,1,0,167,2209000
Unit_437,12.2415851,hydro,0,12.2415851,FALSE,0,1,0,167,2000000
Unit_438,70.94991306,biomass,0,70.94991306,FALSE,0,1,0,162,2209000
Unit_439,13.3144126,hydro,0,13.3144126,FALSE,0,1,0,162,2000000
Unit_440,9.398413166,biomass,0,9.398413166,FALSE,0,1,0,192,2209000
Unit_441,1.034216551,biomass,0,1.034216551,FALSE,0,1,0,150,2209000
Unit_442,43.50451447,biomass,0,43.50451447,FALSE,0,1,0,54,2209000
Unit_443,13.03065104,hydro,0,13.03065104,FALSE,0,1,0,54,2000000
Unit_444,58.11503192,biomass,0,58.11503192,FALSE,0,1,0,117,2209000
Unit_445,8.697308301,hydro,0,8.697308301,FALSE,0,1,0,117,2000000
Unit_446,41.59746915,biomass,0,41.59746915,FALSE,0,1,0,119,2209000
Unit_447,12.15170665,hydro,0,12.15170665,FALSE,0,1,0,119,2000000
Unit_448,49.43081236,biomass,0,49.43081236,FALSE,0,1,0,83,2209000
Unit_449,34.43825761,biomass,0,34.43825761,FALSE,0,1,0,126,2209000
Unit_450,29.4265812,biomass,0,29.4265812,FALSE,0,1,0,181,2209000
Unit_451,33.24167598,hydro,0,33.24167598,FALSE,0,1,0,181,2000000
Unit_452,95.64199891,biomass,0,95.64199891,FALSE,0,1,0,45,2209000
Unit_453,11.10055964,hydro,0,11.10055964,FALSE,0,1,0,45,2000000
Unit_454,64.43846877,biomass,0,64.43846877,FALSE,0,1,0,61,2209000
Unit_455,1.053134817,hydro,0,1.053134817,FALSE,0,1,0,61,2000000
Unit_456,29.31992084,biomass,0,29.31992084,FALSE,0,1,0,10,2209000
Unit_457,3.024828902,hydro,0,3.024828902,FALSE,0,1,0,10,2000000
Unit_458,171.3776003,biomass,0,171.3776003,FALSE,0,1,0,110,2209000
Unit_459,26.26504698,biomass,0,26.26504698,FALSE,0,1,0,116,2209000
Unit_460,185.4141438,biomass,0,185.4141438,FALSE,0,1,0,198,2209000
Unit_461,95.21105427,biomass,0,95.21105427,FALSE,0,1,0,59,2209000
Unit_462,4.40847044,biomass,0,4.40847044,FALSE,0,1,0,122,2209000
Unit_463,3.687427128,hydro,0,3.687427128,FALSE,0,1,0,122,2000000
Unit_464,34.80274774,biomass,0,34.80274774,FALSE,0,1,0,179,2209000
Unit_465,1.688900359,hydro,0,1.688900359,FALSE,0,1,0,179,2000000
Unit_466,190.0164984,biomass,0,190.0164984,FALSE,0,1,0,194,2209000
Unit_467,3.3779054,hydro,0,3.3779054,FALSE,0,1,0,194,2000000
Unit_468,5.860159754,biomass,0,5.860159754,FALSE,0,1,0,29,2209000
Unit_469,5.267179242,biomass,0,5.267179242,FALSE,0,1,0,157,2209000
Unit_470,12.8126648,hydro,0,12.8126648,FALSE,0,1,0,157,2000000
Unit_471,50.36951574,biomass,0,50.36951574,FALSE,0,1,0,174,2209000
Unit_472,15.03284981,hydro,0,15.03284981,FALSE,0,1,0,174,2000000
Unit_473,3.144985566,biomass,0,3.144985566,FALSE,0,1,0,49,2209000
Unit_474,45.50528466,biomass,0,45.50528466,FALSE,0,1,0,186,2209000
Unit_475,27.35802675,hydro,0,27.35802675,FALSE,0,1,0,186,2000000
Unit_476,12.89633119,biomass,0,12.89633119,FALSE,0,1,0,68,2209000
Unit_477,41.59527555,hydro,0,41.59527555,FALSE,0,1,0,68,2000000
Unit_478,39.44447492,biomass,0,39.44447492,FALSE,0,1,0,191,2209000
Unit_479,2.389306523,hydro,0,2.389306523,FALSE,0,1,0,191,2000000
Unit_480,14.10457873,biomass,0,14.10457873,FALSE,0,1,0,88,2209000
Unit_481,2.070358972,hydro,0,2.070358972,FALSE,0,1,0,88,2000000
Unit_482,4.361789535,biomass,0,4.361789535,FALSE,0,1,0,49,2209000
Unit_483,1.484852863,hydro,0,1.484852863,FALSE,0,1,0,49,2000000
Unit_484,12.9181812,biomass,0,12.9181812,FALSE,0,1,0,195,2209000
Unit_485,25.16052677,hydro,0,25.16052677,FALSE,0,1,0,195,2000000
Unit_486,4.806027452,biomass,0,4.806027452,FALSE,0,1,0,93,2209000
Unit_487,24.8554348,biomass,0,24.8554348,FALSE,0,1,0,135,2209000
Unit_488,49.26661178,biomass,0,49.26661178,FALSE,0,1,0,159,2209000
Unit_489,29.28487983,biomass,0,29.28487983,FALSE,0,1,0,98,2209000
Unit_490,1.713872868,biomass,0,1.713872868,FALSE,0,1,0,49,2209000
Unit_491,2.030657024,hydro,0,2.030657024,FALSE,0,1,0,49,2000000
Unit_492,6.524775495,biomass,0,6.524775495,FALSE,0,1,0,158,2209000
Unit_493,1.507372329,hydro,0,1.507372329,FALSE,0,1,0,158,2000000
Unit_494,10.9305411,biomass,0,10.9305411,FALSE,0,1,0,135,2209000
Unit_495,3.958599929,biomass,0,3.958599929,FALSE,0,1,0,158,2209000
Unit_496,19.44001043,biomass,0,19.44001043,FALSE,0,1,0,82,2209000
Unit_497,19.65758254,biomass,0,19.65758254,FALSE,0,1,0,93,2209000
Unit_498,54.32185024,biomass,0,54.32185024,FALSE,0,1,0,136,2209000
Unit_499,24.83078592,biomass,0,24.83078592,FALSE,0,1,0,180,2209000
Unit_500,11.86901142,biomass,0,11.86901142,FALSE,0,1,0,171,2209000
Unit_501,51.13660965,biomass,0,51.13660965,FALSE,0,1,0,75,2209000
Unit_502,6.647407835,hydro,0,6.647407835,FALSE,0,1,0,75,2000000
Unit_503,5.732808234,biomass,0,5.732808234,FALSE,0,1,0,29,2209000
Unit_504,20.47839506,hydro,0,20.47839506,FALSE,0,1,0,29,2000000
Unit_505,9.294671039,biomass,0,9.294671039,FALSE,0,1,0,29,2209000
Unit_506,15.03467219,hydro,0,15.03467219,FALSE,0,1,0,29,2000000
Unit_507,23.52308133,biomass,0,23.52308133,FALSE,0,1,0,127,2209000
Unit_508,7.932606743,biomass,0,7.932606743,FALSE,0,1,0,52,2209000
Unit_509,28.43440514,hydro,0,28.43440514,FALSE,0,1,0,52,2000000
Unit_510,39.20972682,biomass,0,39.20972682,FALSE,0,1,0,13,2209000
Unit_511,72.90876471,biomass,0,72.90876471,FALSE,0,1,0,190,2209000
Unit_512,44.9227673,biomass,0,44.9227673,FALSE,0,1,0,89,2209000
Unit_513,9.03526317,hydro,0,9.03526317,FALSE,0,1,0,89,2000000
Unit_514,20.63183175,biomass,0,20.63183175,FALSE,0,1,0,67,2209000
Unit_515,8.204188671,hydro,0,8.204188671,FALSE,0,1,0,67,2000000
Unit_516,17.62375888,biomass,0,17.62375888,FALSE,0,1,0,77,2209000
Unit_517,9.308003151,biomass,0,9.308003151,FALSE,0,1,0,156,2209000
Unit_518,155.4365402,biomass,0,155.4365402,FALSE,0,1,0,91,2209000
Unit_519,9.089714688,biomass,0,9.089714688,FALSE,0,1,0,140,2209000
Unit_520,30.25288454,hydro,0,30.25288454,FALSE,0,1,0,140,2000000
Unit_521,19.25097302,biomass,0,19.25097302,FALSE,0,1,0,157,2209000
Unit_522,6.375742373,hydro,0,6.375742373,FALSE,0,1,0,157,2000000
Unit_523,36.90855964,biomass,0,36.90855964,FALSE,0,1,0,199,2209000
Unit_524,4.6080294,hydro,0,4.6080294,FALSE,0,1,0,199,2000000
Unit_525,38.8049147,biomass,0,38.8049147,FALSE,0,1,0,35,2209000
Unit_526,18.16419162,biomass,0,18.16419162,FALSE,0,1,0,122,2209000
Unit_527,1.373330525,hydro,0,1.373330525,FALSE,0,1,0,122,2000000
Unit_528,3.384566259,biomass,0,3.384566259,FALSE,0,1,0,150,2209000
Unit_529,30.31177116,biomass,0,30.31177116,FALSE,0,1,0,17,2209000
Unit_530,17.20635946,hydro,0,17.20635946,FALSE,0,1,0,17,2000000
Unit_531,5.794962177,biomass,0,5.794962177,FALSE,0,1,0,132,2209000
Unit_532,56.02372421,biomass,0,56.02372421,FALSE,0,1,0,1,2209000
Unit_533,6.830994632,biomass,0,6.830994632,FALSE,0,1,0,43,2209000
Unit_534,4.064062801,biomass,0,4.064062801,FALSE,0,1,0,187,2209000
Unit_535,5.30376185,biomass,0,5.30376185,FALSE,0,1,0,38,2209000
Unit_536,23.13043006,biomass,0,23.13043006,FALSE,0,1,0,148,2209000
Unit_537,55.92136422,biomass,0,55.92136422,FALSE,0,1,0,70,2209000
Unit_538,1.174124885,hydro,0,1.174124885,FALSE,0,1,0,70,2000000
Unit_539,5.919352236,biomass,0,5.919352236,FALSE,0,1,0,38,2209000
Unit_540,12.68199239,hydro,0,12.68199239,FALSE,0,1,0,38,2000000
Unit_541,57.35964776,biomass,0,57.35964776,FALSE,0,1,0,38,2209000
Unit_542,5.13510763,hydro,0,5.13510763,FALSE,0,1,0,38,2000000
Unit_543,22.73495724,biomass,0,22.73495724,FALSE,0,1,0,177,2209000
Unit_544,48.69607433,hydro,0,48.69607433,FALSE,0,1,0,177,2000000
Unit_545,171.9274717,biomass,0,171.9274717,FALSE,0,1,0,56,2209000
Unit_546,51.05133403,hydro,0,51.05133403,FALSE,0,1,0,56,2000000
Unit_547,22.88161518,biomass,0,22.88161518,FALSE,0,1,0,90,2209000
Unit_548,250.5425085,hydro,0,250.5425085,FALSE,0,1,0,90,2000000
Unit_549,18.13825316,biomass,0,18.13825316,FALSE,0,1,0,114,2209000
Unit_550,90.48039933,hydro,0,90.48039933,FALSE,0,1,0,114,2000000
Unit_551,31.74658885,biomass,0,31.74658885,FALSE,0,1,0,54,2209000
Unit_552,9.116053464,biomass,0,9.116053464,FALSE,0,1,0,143,2209000
Unit_553,18.38057391,hydro,0,18.38057391,FALSE,0,1,0,143,2000000
Unit_554,21.40483448,biomass,0,21.40483448,FALSE,0,1,0,0,2209000
Unit_555,7.62419085,hydro,0,7.62419085,FALSE,0,1,0,0,2000000
Unit_556,10.48151889,biomass,0,10.48151889,FALSE,0,1,0,109,2209000
Unit_557,69.69337164,hydro,0,69.69337164,FALSE,0,1,0,109,2000000
Unit_558,12.94539743,biomass,0,12.94539743,FALSE,0,1,0,73,2209000
Unit_559,2.097129906,hydro,0,2.097129906,FALSE,0,1,0,73,2000000
Unit_560,28.26268887,biomass,0,28.26268887,FALSE,0,1,0,79,2209000
Unit_561,127.8426494,hydro,0,127.8426494,FALSE,0,1,0,79,2000000
Unit_562,1.702374875,biomass,0,1.702374875,FALSE,0,1,0,150,2209000
Unit_563,64.61639812,biomass,0,64.61639812,FALSE,0,1,0,160,2209000
Unit_564,9.283969517,hydro,0,9.283969517,FALSE,0,1,0,160,2000000
Unit_565,20.20944263,biomass,0,20.20944263,FALSE,0,1,0,160,2209000
Unit_566,66.10872684,hydro,0,66.10872684,FALSE,0,1,0,160,2000000
Unit_567,29.60872093,biomass,0,29.60872093,FALSE,0,1,0,193,2209000
Unit_568,7.445242111,hydro,0,7.445242111,FALSE,0,1,0,193,2000000
Unit_569,1.215209323,biomass,0,1.215209323,FALSE,0,1,0,36,2209000
Unit_570,48.12158692,biomass,0,48.12158692,FALSE,0,1,0,99,2209000
Unit_571,3.403891354,hydro,0,3.403891354,FALSE,0,1,0,99,2000000
Unit_572,2.899061174,biomass,0,2.899061174,FALSE,0,1,0,57,2209000
Unit_573,56.42033771,biomass,0,56.42033771,FALSE,0,1,0,130,2209000
Unit_574,400.7400448,hydro,0,400.7400448,FALSE,0,1,0,130,2000000
Unit_575,74.23994325,biomass,0,74.23994325,FALSE,0,1,0,163,2209000
Unit_576,12.88007849,biomass,0,12.88007849,FALSE,0,1,0,195,2209000
Unit_577,1.948682798,hydro,0,1.948682798,FALSE,0,1,0,195,2000000
Unit_578,1.496892376,biomass,0,1.496892376,FALSE,0,1,0,24,2209000
Unit_579,20.34354392,hydro,0,20.34354392,FALSE,0,1,0,24,2000000
Unit_580,42.10653626,biomass,0,42.10653626,FALSE,0,1,0,27,2209000
Unit_581,58.0045032,biomass,0,58.0045032,FALSE,0,1,0,134,2209000
Unit_582,17.2170993,biomass,0,17.2170993,FALSE,0,1,0,55,2209000
Unit_583,2.883836607,hydro,0,2.883836607,FALSE,0,1,0,55,2000000
Unit_584,31.32251601,biomass,0,31.32251601,FALSE,0,1,0,34,2209000
Unit_585,4.11663224,hydro,0,4.11663224,FALSE,0,1,0,34,2000000
Unit_586,3.212259032,biomass,0,3.212259032,FALSE,0,1,0,40,2209000
Unit_587,6.615366737,hydro,0,6.615366737,FALSE,0,1,0,40,2000000
Unit_588,20.57923767,biomass,0,20.57923767,FALSE,0,1,0,40,2209000
Unit_589,1.823190652,hydro,0,1.823190652,FALSE,0,1,0,40,2000000
Unit_590,123.7359634,biomass,0,123.7359634,FALSE,0,1,0,118,2209000
Unit_591,20.53859601,biomass,0,20.53859601,FALSE,0,1,0,30,2209000
Unit_592,3.43499688,hydro,0,3.43499688,FALSE,0,1,0,30,2000000
Unit_593,18.68309803,biomass,0,18.68309803,FALSE,0,1,0,7,2209000
Unit_594,8.851429231,hydro,0,8.851429231,FALSE,0,1,0,7,2000000
Unit_595,65.73710316,biomass,0,65.73710316,FALSE,0,1,0,59,2209000
Unit_596,18.42726479,biomass,0,18.42726479,FALSE,0,1,0,169,2209000
Unit_597,2.48315836,hydro,0,2.48315836,FALSE,0,1,0,169,2000000
Unit_598,29.05007936,biomass,0,29.05007936,FALSE,0,1,0,175,2209000
Unit_599,8.168488546,hydro,0,8.168488546,FALSE,0,1,0,175,2000000
Unit_600,8.811004519,biomass,0,8.811004519,FALSE,0,1,0,45,2209000
Unit_601,8.955448813,hydro,0,8.955448813,FALSE,0,1,0,45,2000000
Unit_602,9.481636266,biomass,0,9.481636266,FALSE,0,1,0,121,2209000
Unit_603,5.640090818,biomass,0,5.640090818,FALSE,0,1,0,8,2209000
Unit_604,64.12025798,biomass,0,64.12025798,FALSE,0,1,0,25,2209000
Unit_605,1.895574328,hydro,0,1.895574328,FALSE,0,1,0,25,2000000
Unit_606,70.39323783,biomass,0,70.39323783,FALSE,0,1,0,146,2209000
Unit_607,152.3754585,biomass,0,152.3754585,FALSE,0,1,0,182,2209000
Unit_608,20.03730815,biomass,0,20.03730815,FALSE,0,1,0,146,2209000
Unit_609,4.843411722,biomass,0,4.843411722,FALSE,0,1,0,30,2209000
Unit_610,1.288962125,hydro,0,1.288962125,FALSE,0,1,0,30,2000000
Unit_611,18.99605741,biomass,0,18.99605741,FALSE,0,1,0,26,2209000
Unit_612,3.56619666,hydro,0,3.56619666,FALSE,0,1,0,26,2000000
Unit_613,25.81042453,biomass,0,25.81042453,FALSE,0,1,0,51,2209000
Unit_614,28.11389159,hydro,0,28.11389159,FALSE,0,1,0,51,2000000
Unit_615,17.6210398,biomass,0,17.6210398,FALSE,0,1,0,161,2209000
Unit_616,20.24764356,hydro,0,20.24764356,FALSE,0,1,0,161,2000000
Unit_617,90.30147986,biomass,0,90.30147986,FALSE,0,1,0,151,2209000
Unit_618,8.717866232,hydro,0,8.717866232,FALSE,0,1,0,151,2000000
Unit_619,32.98814657,biomass,0,32.98814657,FALSE,0,1,0,97,2209000
Unit_620,44.76509308,biomass,0,44.76509308,FALSE,0,1,0,149,2209000
Unit_621,137.1607802,hydro,0,137.1607802,FALSE,0,1,0,149,2000000
Unit_622,52.08154102,biomass,0,52.08154102,FALSE,0,1,0,85,2209000
Unit_623,43.63796528,hydro,0,43.63796528,FALSE,0,1,0,85,2000000
Unit_624,101.083442,biomass,0,101.083442,FALSE,0,1,0,85,2209000
Unit_625,57.7710336,hydro,0,57.7710336,FALSE,0,1,0,85,2000000
Unit_626,38.12196656,biomass,0,38.12196656,FALSE,0,1,0,166,2209000
Unit_627,16.80621458,hydro,0,16.80621458,FALSE,0,1,0,166,2000000
Unit_628,14.98998115,biomass,0,14.98998115,FALSE,0,1,0,69,2209000
Unit_629,4.685360621,hydro,0,4.685360621,FALSE,0,1,0,69,2000000
Unit_630,34.04331766,biomass,0,34.04331766,FALSE,0,1,0,142,2209000
Unit_631,8.548913203,hydro,0,8.548913203,FALSE,0,1,0,142,2000000
Unit_632,45.02885935,biomass,0,45.02885935,FALSE,0,1,0,76,2209000
Unit_633,5.787181154,hydro,0,5.787181154,FALSE,0,1,0,76,2000000
Unit_634,29.7303905,biomass,0,29.7303905,FALSE,0,1,0,22,2209000
Unit_635,12.47661803,hydro,0,12.47661803,FALSE,0,1,0,22,2000000
Unit_636,61.51034461,biomass,0,61.51034461,FALSE,0,1,0,20,2209000
Unit_637,247.987729,hydro,0,247.987729,FALSE,0,1,0,20,2000000
Unit_638,46.0923902,biomass,0,46.0923902,FALSE,0,1,0,113,2209000
Unit_639,84.13206322,hydro,0,84.13206322,FALSE,0,1,0,113,2000000
Unit_640,119.355973,biomass,0,119.355973,FALSE,0,1,0,196,2209000
Unit_641,488.2142971,hydro,0,488.2142971,FALSE,0,1,0,196,2000000
Unit_642,14.57307874,biomass,0,14.57307874,FALSE,0,1,0,95,2209000
Unit_643,59.85157698,hydro,0,59.85157698,FALSE,0,1,0,95,2000000
Unit_644,121.0596421,biomass,0,121.0596421,FALSE,0,1,0,107,2209000
Unit_645,29.29434643,biomass,0,29.29434643,FALSE,0,1,0,62,2209000
Unit_646,8.605043433,hydro,0,8.605043433,FALSE,0,1,0,62,2000000
Unit_647,46.78245153,biomass,0,46.78245153,FALSE,0,1,0,145,2209000
Unit_648,34.0517407,hydro,0,34.0517407,FALSE,0,1,0,145,2000000
Unit_649,72.37653551,biomass,0,72.37653551,FALSE,0,1,0,124,2209000
Unit_650,15.2835265,hydro,0,15.2835265,FALSE,0,1,0,124,2000000
Unit_651,60.62450695,biomass,0,60.62450695,FALSE,0,1,0,113,2209000
Unit_652,98.58009111,hydro,0,98.58009111,FALSE,0,1,0,113,2000000
Unit_653,60.40407131,biomass,0,60.40407131,FALSE,0,1,0,12,2209000
Unit_654,14.4146452,hydro,0,14.4146452,FALSE,0,1,0,12,2000000
Unit_655,3.775308443,biomass,0,3.775308443,FALSE,0,1,0,168,2209000
Unit_656,80.48499964,biomass,0,80.48499964,FALSE,0,1,0,34,2209000
Unit_657,31.14219812,biomass,0,31.14219812,FALSE,0,1,0,66,2209000
Unit_658,14.2024198,biomass,0,14.2024198,FALSE,0,1,0,121,2209000
Unit_659,1.425905461,hydro,0,1.425905461,FALSE,0,1,0,121,2000000
Unit_660,53.19062808,biomass,0,53.19062808,FALSE,0,1,0,101,2209000
Unit_661,75.63864305,hydro,0,75.63864305,FALSE,0,1,0,101,2000000
Unit_662,14.27131587,biomass,0,14.27131587,FALSE,0,1,0,188,2209000
Unit_663,2.679250534,hydro,0,2.679250534,FALSE,0,1,0,188,2000000
Unit_664,41.31325805,biomass,0,41.31325805,FALSE,0,1,0,58,2209000
Unit_665,26.48507102,biomass,0,26.48507102,FALSE,0,1,0,87,2209000
Unit_666,15.43806566,hydro,0,15.43806566,FALSE,0,1,0,87,2000000
Unit_667,53.65265686,biomass,0,53.65265686,FALSE,0,1,0,37,2209000
Unit_668,3.316022425,hydro,0,3.316022425,FALSE,0,1,0,37,2000000
Unit_669,58.09521799,biomass,0,58.09521799,FALSE,0,1,0,87,2209000
Unit_670,152.2595423,hydro,0,152.2595423,FALSE,0,1,0,87,2000000
Unit_671,45.31665384,biomass,0,45.31665384,FALSE,0,1,0,46,2209000
Unit_672,101.0394118,hydro,0,101.0394118,FALSE,0,1,0,46,2000000
Unit_673,20.02709355,biomass,0,20.02709355,FALSE,0,1,0,28,2209000
Unit_674,50.62043792,hydro,0,50.62043792,FALSE,0,1,0,28,2000000
Unit_675,5.212955353,biomass,0,5.212955353,FALSE,0,1,0,11,2209000
Unit_676,3.48856463,hydro,0,3.48856463,FALSE,0,1,0,11,2000000
Unit_677,7.736160273,biomass,0,7.736160273,FALSE,0,1,0,170,2209000
Unit_678,1.775425812,hydro,0,1.775425812,FALSE,0,1,0,170,2000000
Unit_679,55.10930013,biomass,0,55.10930013,FALSE,0,1,0,154,2209000
Unit_680,4.236136466,biomass,0,4.236136466,FALSE,0,1,0,16,2209000
Unit_681,12.3464978,hydro,0,12.3464978,FALSE,0,1,0,16,2000000
Unit_682,3.115562086,biomass,0,3.115562086,FALSE,0,1,0,16,2209000
Unit_683,2.661104796,hydro,0,2.661104796,FALSE,0,1,0,16,2000000
Unit_684,70.61575824,biomass,0,70.61575824,FALSE,0,1,0,189,2209000
Unit_685,20.35493997,hydro,0,20.35493997,FALSE,0,1,0,189,2000000
Unit_686,9.204430548,biomass,0,9.204430548,FALSE,0,1,0,116,2209000
Unit_687,1.568385916,hydro,0,1.568385916,FALSE,0,1,0,21,2000000
Unit_688,14.96065968,biomass,0,14.96065968,FALSE,0,1,0,199,2209000
Unit_689,13.83765222,biomass,0,13.83765222,FALSE,0,1,0,131,2209000
Unit_690,4.575184951,hydro,0,4.575184951,FALSE,0,1,0,131,2000000
Unit_691,16.70382057,biomass,0,16.70382057,FALSE,0,1,0,166,2209000
Unit_692,1.258443062,hydro,0,1.258443062,FALSE,0,1,0,166,2000000
Unit_693,132.2963679,biomass,0,132.2963679,FALSE,0,1,0,78,2209000
Unit_694,1.269655554,hydro,0,1.269655554,FALSE,0,1,0,78,2000000
Unit_695,28.25466046,biomass,0,28.25466046,FALSE,0,1,0,80,2209000
Unit_696,7.749623956,hydro,0,7.749623956,FALSE,0,1,0,80,2000000
Unit_697,3.069232496,hydro,0,3.069232496,FALSE,0,1,0,51,2000000
Unit_698,16.30183885,biomass,0,16.30183885,FALSE,0,1,0,51,2209000
Unit_699,5.996508644,hydro,0,5.996508644,FALSE,0,1,0,51,2000000
Unit_700,257.9070929,biomass,0,257.9070929,FALSE,0,1,0,84,2209000
Unit_701,8.148933934,hydro,0,8.148933934,FALSE,0,1,0,84,2000000
Unit_702,12.50278377,biomass,0,12.50278377,FALSE,0,1,0,0,2209000
Unit_703,32.09708104,hydro,0,32.09708104,FALSE,0,1,0,0,2000000
Unit_704,59.98853518,biomass,0,59.98853518,FALSE,0,1,0,1,2209000
Unit_705,44.5301955,biomass,0,44.5301955,FALSE,0,1,0,178,2209000
Unit_706,49.087377,hydro,0,49.087377,FALSE,0,1,0,178,2000000
Unit_707,42.38732241,biomass,0,42.38732241,FALSE,0,1,0,84,2209000
Unit_708,17.06357012,hydro,0,17.06357012,FALSE,0,1,0,84,2000000
Unit_709,34.33478085,biomass,0,34.33478085,FALSE,0,1,0,97,2209000
Unit_710,2.00007665,hydro,0,2.00007665,FALSE,0,1,0,97,2000000
Unit_711,69.01456765,biomass,0,69.01456765,FALSE,0,1,0,36,2209000
Unit_712,15.69064929,hydro,0,15.69064929,FALSE,0,1,0,36,2000000
Unit_713,28.60544149,biomass,0,28.60544149,FALSE,0,1,0,9,2209000
Unit_714,48.20996074,hydro,0,48.20996074,FALSE,0,1,0,9,2000000
Unit_715,10.40896874,biomass,0,10.40896874,FALSE,0,1,0,100,2209000
Unit_716,2.907099156,hydro,0,2.907099156,FALSE,0,1,0,100,2000000
Unit_717,20.62685782,biomass,0,20.62685782,FALSE,0,1,0,71,2209000
Unit_718,1.556098129,biomass,0,1.556098129,FALSE,0,1,0,33,2209000
Unit_719,185.4349469,hydro,0,185.4349469,FALSE,0,1,0,33,2000000
Unit_720,32.72375161,biomass,0,32.72375161,FALSE,0,1,0,18,2209000
Unit_721,3.162682183,hydro,0,3.162682183,FALSE,0,1,0,18,2000000
Unit_722,3.917512471,biomass,0,3.917512471,FALSE,0,1,0,17,2209000
Unit_723,11.30217595,hydro,0,11.30217595,FALSE,0,1,0,17,2000000
Unit_724,56.41379,biomass,0,56.41379,FALSE,0,1,0,9,2209000
Unit_725,61.6107234,hydro,0,61.6107234,FALSE,0,1,0,9,2000000
Unit_726,28.10189366,biomass,0,28.10189366,FALSE,0,1,0,152,2209000
Unit_727,2.48599281,hydro,0,2.48599281,FALSE,0,1,0,152,2000000
Unit_728,28.78098501,biomass,0,28.78098501,FALSE,0,1,0,106,2209000
Unit_729,37.40347708,biomass,0,37.40347708,FALSE,0,1,0,176,2209000
Unit_730,308.2164775,hydro,0,308.2164775,FALSE,0,1,0,176,2000000
Unit_731,7.878329663,biomass,0,7.878329663,FALSE,0,1,0,65,2209000
Unit_732,38.05794071,hydro,0,38.05794071,FALSE,0,1,0,65,2000000
Unit_733,20.54017785,biomass,0,20.54017785,FALSE,0,1,0,120,2209000
Unit_734,14.88938303,hydro,0,14.88938303,FALSE,0,1,0,120,2000000
Unit_735,8.560949444,biomass,0,8.560949444,FALSE,0,1,0,8,2209000
Unit_736,16.15736162,biomass,0,16.15736162,FALSE,0,1,0,8,2209000
Unit_737,3.231565176,hydro,0,3.231565176,FALSE,0,1,0,8,2000000
Unit_738,18.01922625,biomass,0,18.01922625,FALSE,0,1,0,61,2209000
Unit_739,3.333306713,hydro,0,3.333306713,FALSE,0,1,0,61,2000000
Unit_740,14.44942277,biomass,0,14.44942277,FALSE,0,1,0,88,2209000
Unit_741,9.278872279,biomass,0,9.278872279,FALSE,0,1,0,4,2209000
Unit_742,10.22196934,hydro,0,10.22196934,FALSE,0,1,0,4,2000000
Unit_743,31.04101147,biomass,0,31.04101147,FALSE,0,1,0,89,2209000
Unit_744,3.054182589,hydro,0,3.054182589,FALSE,0,1,0,89,2000000
Unit_745,13.12324161,biomass,0,13.12324161,FALSE,0,1,0,147,2209000
Unit_746,163.7164213,hydro,0,163.7164213,FALSE,0,1,0,147,2000000
Unit_747,27.06252166,biomass,0,27.06252166,FALSE,0,1,0,14,2209000
Unit_748,7.1432526,hydro,0,7.1432526,FALSE,0,1,0,14,2000000
Unit_749,7.741789753,biomass,0,7.741789753,FALSE,0,1,0,14,2209000
Unit_750,1.452227524,hydro,0,1.452227524,FALSE,0,1,0,14,2000000
Unit_751,17.01187463,biomass,0,17.01187463,FALSE,0,1,0,102,2209000
Unit_752,2.104333426,hydro,0,2.104333426,FALSE,0,1,0,102,2000000
Unit_753,107.4770213,biomass,0,107.4770213,FALSE,0,1,0,139,2209000
Unit_754,3.443465689,biomass,0,3.443465689,FALSE,0,1,0,75,2209000
Unit_755,1.819781102,hydro,0,1.819781102,FALSE,0,1,0,75,2000000
Unit_756,44.61670933,biomass,0,44.61670933,FALSE,0,1,0,48,2209000
Unit_757,28.76489912,biomass,0,28.76489912,FALSE,0,1,0,155,2209000
Unit_758,5.597469486,hydro,0,5.597469486,FALSE,0,1,0,155,2000000
Unit_759,6.687458407,biomass,0,6.687458407,FALSE,0,1,0,35,2209000
Unit_760,1.046277717,biomass,0,1.046277717,FALSE,0,1,0,8,2209000
Unit_761,39.59507102,biomass,0,39.59507102,FALSE,0,1,0,47,2209000
Unit_762,114.4264099,hydro,0,114.4264099,FALSE,0,1,0,47,2000000
Unit_763,46.02359493,biomass,0,46.02359493,FALSE,0,1,0,197,2209000
Unit_764,43.5156687,hydro,0,43.5156687,FALSE,0,1,0,197,2000000
Unit_765,37.67440989,biomass,0,37.67440989,FALSE,0,1,0,183,2209000
Unit_766,2.380294509,hydro,0,2.380294509,FALSE,0,1,0,183,2000000
Unit_767,21.78796335,biomass,0,21.78796335,FALSE,0,1,0,100,2209000
Unit_768,12.78231951,hydro,0,12.78231951,FALSE,0,1,0,100,2000000
Unit_769,164.6962241,biomass,0,164.6962241,FALSE,0,1,0,107,2209000
Unit_770,311.7163186,solar pv,0,1355.965986,TRUE,0,1,0,78,425000
Unit_771,301.5630459,wind_onshore,0,784.0639194,TRUE,0,1,0,78,1040000
Unit_772,390.2739361,solar pv,0,1697.691622,TRUE,0,1,0,63,425000
Unit_773,331.8488367,wind_onshore,0,862.8069754,TRUE,0,1,0,63,1040000
Unit_774,289.5921561,solar pv,0,1259.725879,TRUE,0,1,0,63,425000
Unit_775,292.5877507,wind_onshore,0,760.7281518,TRUE,0,1,0,63,1040000
Unit_776,972.3873784,solar pv,0,4229.885096,TRUE,0,1,0,86,425000
Unit_777,899.1843504,wind_onshore,0,2337.879311,TRUE,0,1,0,86,1040000
Unit_778,455.7237722,solar pv,0,1982.398409,TRUE,0,1,0,58,425000
Unit_779,349.5028503,wind_onshore,0,908.7074108,TRUE,0,1,0,58,1040000
Unit_780,954.5921568,solar pv,0,4152.475882,TRUE,0,1,0,15,425000
Unit_781,796.6458042,wind_onshore,0,2071.279091,TRUE,0,1,0,15,1040000
Unit_782,187.1020096,solar pv,0,813.8937418,TRUE,0,1,0,111,425000
Unit_783,127.0783432,wind_onshore,0,330.4036922,TRUE,0,1,0,111,1040000
Unit_784,133.8609049,solar pv,0,582.2949362,TRUE,0,1,0,165,425000
Unit_785,454.3398786,solar pv,0,1976.378472,TRUE,0,1,0,74,425000
Unit_786,360.6087034,wind_onshore,0,937.5826288,TRUE,0,1,0,74,1040000
Unit_787,717.2595885,solar pv,0,3120.07921,TRUE,0,1,0,104,425000
Unit_788,1378.698513,wind_onshore,0,3584.616135,TRUE,0,1,0,104,1040000
Unit_789,304.8186453,solar pv,0,1325.961107,TRUE,0,1,0,111,425000
Unit_790,87.24002108,wind_onshore,0,226.8240548,TRUE,0,1,0,111,1040000
Unit_791,367.917297,solar pv,0,1600.440242,TRUE,0,1,0,23,425000
Unit_792,156.0578447,wind_onshore,0,405.7503963,TRUE,0,1,0,23,1040000
Unit_793,355.3196041,solar pv,0,1545.640278,TRUE,0,1,0,71,425000
Unit_794,501.5705073,wind_onshore,0,1304.083319,TRUE,0,1,0,71,1040000
Unit_795,447.2538106,solar pv,0,1945.554076,TRUE,0,1,0,23,425000
Unit_796,351.6597713,wind_onshore,0,914.3154054,TRUE,0,1,0,23,1040000
Unit_797,606.6291818,solar pv,0,2638.836941,TRUE,0,1,0,96,425000
Unit_798,704.1104542,wind_onshore,0,1830.687181,TRUE,0,1,0,96,1040000
Unit_799,260.0764405,solar pv,0,1131.332516,TRUE,0,1,0,23,425000
Unit_800,105.4230731,wind_onshore,0,274.0999901,TRUE,0,1,0,23,1040000
Unit_801,286.6305828,solar pv,0,1246.843035,TRUE,0,1,0,63,425000
Unit_802,468.4436892,wind_onshore,0,1217.953592,TRUE,0,1,0,63,1040000
Unit_803,405.1678432,solar pv,0,1762.480118,TRUE,0,1,0,39,425000
Unit_804,305.3053502,wind_onshore,0,793.7939106,TRUE,0,1,0,39,1040000
Unit_805,162.0829373,solar pv,0,705.0607774,TRUE,0,1,0,164,425000
Unit_806,167.4280262,wind_onshore,0,435.3128681,TRUE,0,1,0,164,1040000
Unit_807,375.4207172,solar pv,0,1633.08012,TRUE,0,1,0,128,425000
Unit_808,278.6724227,wind_onshore,0,724.5482989,TRUE,0,1,0,128,1040000
Unit_809,1174.755855,solar pv,0,5110.187968,TRUE,0,1,0,108,425000
Unit_810,808.4707123,wind_onshore,0,2102.023852,TRUE,0,1,0,108,1040000
Unit_811,436.1362317,solar pv,0,1897.192608,TRUE,0,1,0,53,425000
Unit_812,354.7536931,wind_onshore,0,922.3596021,TRUE,0,1,0,53,1040000
Unit_813,1015.628383,solar pv,0,4417.983467,TRUE,0,1,0,27,425000
Unit_814,1023.939282,wind_onshore,0,2662.242133,TRUE,0,1,0,27,1040000
Unit_815,960.0095503,solar pv,0,4176.041544,TRUE,0,1,0,133,425000
Unit_816,1493.754845,wind_onshore,0,3883.762598,TRUE,0,1,0,133,1040000
Unit_817,1017.065764,solar pv,0,4424.236073,TRUE,0,1,0,184,425000
Unit_818,2060.73019,wind_onshore,0,5357.898493,TRUE,0,1,0,184,1040000
Unit_819,453.1879655,solar pv,0,1971.36765,TRUE,0,1,0,137,425000
Unit_820,729.3623392,wind_onshore,0,1896.342082,TRUE,0,1,0,137,1040000
Unit_821,721.7359315,solar pv,0,3139.551302,TRUE,0,1,0,5,425000
Unit_822,1637.014521,wind_onshore,0,4256.237754,TRUE,0,1,0,5,1040000
Unit_823,688.1611423,solar pv,0,2993.500969,TRUE,0,1,0,115,425000
Unit_824,589.36689,wind_onshore,0,1532.353914,TRUE,0,1,0,115,1040000
Unit_825,513.6813421,solar pv,0,2234.513838,TRUE,0,1,0,58,425000
Unit_826,424.9375031,wind_onshore,0,1104.837508,TRUE,0,1,0,58,1040000
Unit_827,29.09418784,solar pv,0,126.5597171,TRUE,0,1,0,153,425000
Unit_828,52.18892296,wind_onshore,0,135.6911997,TRUE,0,1,0,153,1040000
Unit_829,705.0607998,solar pv,0,3067.014479,TRUE,0,1,0,153,425000
Unit_830,568.5237812,wind_onshore,0,1478.161831,TRUE,0,1,0,153,1040000
Unit_831,627.2318621,solar pv,0,2728.4586,TRUE,0,1,0,138,425000
Unit_832,514.3384842,wind_onshore,0,1337.280059,TRUE,0,1,0,138,1040000
Unit_833,285.9293018,solar pv,0,1243.792463,TRUE,0,1,0,69,425000
Unit_834,85.85481258,wind_onshore,0,223.2225127,TRUE,0,1,0,69,1040000
Unit_835,18.67069501,solar pv,0,81.21752328,TRUE,0,1,0,170,425000
Unit_836,237.7011763,solar pv,0,1034.000117,TRUE,0,1,0,21,425000
Unit_837,23.71244617,wind_onshore,0,61.65236005,TRUE,0,1,0,21,1040000
Unit_838,310.6828956,solar pv,0,1351.470596,TRUE,0,1,0,6,425000
Unit_839,370.3149231,wind_onshore,0,962.8188,TRUE,0,1,0,6,1040000
Unit_840,226.9779069,solar pv,0,987.353895,TRUE,0,1,0,171,425000
Unit_841,166.1153598,wind_onshore,0,431.8999356,TRUE,0,1,0,171,1040000
Unit_842,602.6263736,solar pv,0,2621.424725,TRUE,0,1,0,167,425000
Unit_843,121.8613197,wind_onshore,0,316.8394313,TRUE,0,1,0,167,1040000
Unit_844,414.4605529,solar pv,0,1802.903405,TRUE,0,1,0,162,425000
Unit_845,578.3563819,wind_onshore,0,1503.726593,TRUE,0,1,0,162,1040000
Unit_846,31.28754101,solar pv,0,136.1008034,TRUE,0,1,0,167,425000
Unit_847,153.8586195,solar pv,0,669.2849947,TRUE,0,1,0,192,425000
Unit_848,105.1092797,solar pv,0,457.2253666,TRUE,0,1,0,150,425000
Unit_849,415.254429,solar pv,0,1806.356766,TRUE,0,1,0,54,425000
Unit_850,57.6543255,wind_onshore,0,149.9012463,TRUE,0,1,0,54,1040000
Unit_851,884.2492761,solar pv,0,3846.484351,TRUE,0,1,0,117,425000
Unit_852,817.3275088,wind_onshore,0,2125.051523,TRUE,0,1,0,117,1040000
Unit_853,1037.428362,solar pv,0,4512.813374,TRUE,0,1,0,119,425000
Unit_854,580.5135377,wind_onshore,0,1509.335198,TRUE,0,1,0,119,1040000
Unit_855,812.9782756,solar pv,0,3536.455499,TRUE,0,1,0,83,425000
Unit_856,568.0432258,wind_onshore,0,1476.912387,TRUE,0,1,0,83,1040000
Unit_857,384.1367448,solar pv,0,1670.99484,TRUE,0,1,0,126,425000
Unit_858,324.9117857,wind_onshore,0,844.7706428,TRUE,0,1,0,126,1040000
Unit_859,353.8583057,solar pv,0,1539.28363,TRUE,0,1,0,181,425000
Unit_860,330.7071062,wind_onshore,0,859.8384761,TRUE,0,1,0,181,1040000
Unit_861,230.0699805,solar pv,0,1000.804415,TRUE,0,1,0,45,425000
Unit_862,282.8918681,wind_onshore,0,735.518857,TRUE,0,1,0,45,1040000
Unit_863,739.0456214,solar pv,0,3214.848453,TRUE,0,1,0,61,425000
Unit_864,533.4873127,wind_onshore,0,1387.067013,TRUE,0,1,0,61,1040000
Unit_865,75.40348276,solar pv,0,328.00515,TRUE,0,1,0,10,425000
Unit_866,345.5474832,solar pv,0,1503.131552,TRUE,0,1,0,10,425000
Unit_867,445.8679969,wind_onshore,0,1159.256792,TRUE,0,1,0,10,1040000
Unit_868,753.7361053,solar pv,0,3278.752058,TRUE,0,1,0,110,425000
Unit_869,797.9515473,wind_onshore,0,2074.674023,TRUE,0,1,0,110,1040000
Unit_870,478.6568699,solar pv,0,2082.157384,TRUE,0,1,0,116,425000
Unit_871,471.1972327,wind_onshore,0,1225.112805,TRUE,0,1,0,116,1040000
Unit_872,748.2315637,solar pv,0,3254.807302,TRUE,0,1,0,198,425000
Unit_873,1011.35295,wind_onshore,0,2629.517669,TRUE,0,1,0,198,1040000
Unit_874,285.2908021,solar pv,0,1241.014989,TRUE,0,1,0,59,425000
Unit_875,251.1138222,wind_onshore,0,652.8959378,TRUE,0,1,0,59,1040000
Unit_876,448.3430628,solar pv,0,1950.292323,TRUE,0,1,0,122,425000
Unit_877,32.09020344,wind_onshore,0,83.43452895,TRUE,0,1,0,122,1040000
Unit_878,308.877068,solar pv,0,1343.615246,TRUE,0,1,0,179,425000
Unit_879,352.6427133,wind_onshore,0,916.8710546,TRUE,0,1,0,179,1040000
Unit_880,699.7692352,solar pv,0,3043.996173,TRUE,0,1,0,194,425000
Unit_881,1405.18457,wind_onshore,0,3653.479883,TRUE,0,1,0,194,1040000
Unit_882,175.118845,solar pv,0,761.7669756,TRUE,0,1,0,29,425000
Unit_883,150.6902075,solar pv,0,655.5024028,TRUE,0,1,0,157,425000
Unit_884,483.2918899,solar pv,0,2102.319721,TRUE,0,1,0,174,425000
Unit_885,287.147215,wind_onshore,0,746.5827589,TRUE,0,1,0,174,1040000
Unit_886,123.9031382,solar pv,0,538.978651,TRUE,0,1,0,49,425000
Unit_887,449.8342048,solar pv,0,1956.778791,TRUE,0,1,0,186,425000
Unit_888,255.7463814,wind_onshore,0,664.9405916,TRUE,0,1,0,186,1040000
Unit_889,107.3678333,solar pv,0,467.0500748,TRUE,0,1,0,158,425000
Unit_890,189.1750774,solar pv,0,822.9115867,TRUE,0,1,0,68,425000
Unit_891,66.57893542,wind_onshore,0,173.1052321,TRUE,0,1,0,68,1040000
Unit_892,508.4555097,solar pv,0,2211.781467,TRUE,0,1,0,191,425000
Unit_893,101.6570098,wind_onshore,0,264.3082256,TRUE,0,1,0,191,1040000
Unit_894,335.8072793,solar pv,0,1460.761665,TRUE,0,1,0,88,425000
Unit_895,29.42526703,wind_onshore,0,76.50569427,TRUE,0,1,0,88,1040000
Unit_896,265.6106639,solar pv,0,1155.406388,TRUE,0,1,0,49,425000
Unit_897,146.1460742,solar pv,0,635.7354226,TRUE,0,1,0,195,425000
Unit_898,122.3047696,wind_onshore,0,317.9924009,TRUE,0,1,0,195,1040000
Unit_899,297.3690023,solar pv,0,1293.55516,TRUE,0,1,0,93,425000
Unit_900,21.84738627,wind_onshore,0,56.8032043,TRUE,0,1,0,93,1040000
Unit_901,251.3052577,solar pv,0,1093.177871,TRUE,0,1,0,93,425000
Unit_902,540.0092057,solar pv,0,2349.040045,TRUE,0,1,0,135,425000
Unit_903,54.34725227,wind_onshore,0,141.3028559,TRUE,0,1,0,135,1040000
Unit_904,419.7416159,solar pv,0,1825.876029,TRUE,0,1,0,159,425000
Unit_905,287.4340123,wind_onshore,0,747.3284321,TRUE,0,1,0,159,1040000
Unit_906,66.06954191,solar pv,0,287.4025073,TRUE,0,1,0,98,425000
Unit_907,244.4945766,solar pv,0,1063.551408,TRUE,0,1,0,49,425000
Unit_908,325.1729223,solar pv,0,1414.502212,TRUE,0,1,0,158,425000
Unit_909,470.3262605,solar pv,0,2045.919233,TRUE,0,1,0,135,425000
Unit_910,25.63872322,wind_onshore,0,66.66068038,TRUE,0,1,0,135,1040000
Unit_911,267.1903195,solar pv,0,1162.27789,TRUE,0,1,0,158,425000
Unit_912,145.8162082,wind_onshore,0,379.1221412,TRUE,0,1,0,158,1040000
Unit_913,427.2802306,solar pv,0,1858.669003,TRUE,0,1,0,82,425000
Unit_914,42.23455231,wind_onshore,0,109.809836,TRUE,0,1,0,82,1040000
Unit_915,418.7617074,solar pv,0,1821.613427,TRUE,0,1,0,93,425000
Unit_916,391.6569441,solar pv,0,1703.707707,TRUE,0,1,0,136,425000
Unit_917,235.3192683,wind_onshore,0,611.8300977,TRUE,0,1,0,136,1040000
Unit_918,333.1362384,solar pv,0,1449.142637,TRUE,0,1,0,180,425000
Unit_919,184.0749293,wind_onshore,0,478.5948161,TRUE,0,1,0,180,1040000
Unit_920,29.88377929,solar pv,0,129.9944399,TRUE,0,1,0,171,425000
Unit_921,29.92116072,wind_onshore,0,77.79501786,TRUE,0,1,0,171,1040000
Unit_922,197.4559586,solar pv,0,858.9334199,TRUE,0,1,0,75,425000
Unit_923,35.91362072,wind_onshore,0,93.37541387,TRUE,0,1,0,75,1040000
Unit_924,421.4999986,solar pv,0,1833.524994,TRUE,0,1,0,29,425000
Unit_925,64.58995018,solar pv,0,280.9662833,TRUE,0,1,0,29,425000
Unit_926,91.92710483,solar pv,0,399.882906,TRUE,0,1,0,82,425000
Unit_927,599.2411069,solar pv,0,2606.698815,TRUE,0,1,0,127,425000
Unit_928,903.0596534,wind_offshore,0,4244.380371,TRUE,0,1,0,127,1640000
Unit_929,1328.369398,wind_onshore,0,3453.760434,TRUE,0,1,0,127,1040000
Unit_930,523.0385733,solar pv,0,2275.217794,TRUE,0,1,0,52,425000
Unit_931,161.9526887,wind_onshore,0,421.0769905,TRUE,0,1,0,52,1040000
Unit_932,608.9778894,solar pv,0,2649.053819,TRUE,0,1,0,13,425000
Unit_933,894.6889077,wind_onshore,0,2326.19116,TRUE,0,1,0,13,1040000
Unit_934,1375.22366,solar pv,0,5982.222923,TRUE,0,1,0,190,425000
Unit_935,163.7491096,wind_onshore,0,425.7476849,TRUE,0,1,0,190,1040000
Unit_936,344.2161306,solar pv,0,1497.340168,TRUE,0,1,0,89,425000
Unit_937,123.0478926,wind_onshore,0,319.9245207,TRUE,0,1,0,89,1040000
Unit_938,414.377328,solar pv,0,1802.541377,TRUE,0,1,0,67,425000
Unit_939,119.6876471,wind_onshore,0,311.1878824,TRUE,0,1,0,67,1040000
Unit_940,440.6560754,solar pv,0,1916.853928,TRUE,0,1,0,77,425000
Unit_941,154.0882269,wind_onshore,0,400.62939,TRUE,0,1,0,77,1040000
Unit_942,236.9543634,solar pv,0,1030.751481,TRUE,0,1,0,156,425000
Unit_943,250.5125331,solar pv,0,1089.729519,TRUE,0,1,0,91,425000
Unit_944,135.7917217,wind_onshore,0,353.0584765,TRUE,0,1,0,91,1040000
Unit_945,628.6616053,solar pv,0,2734.677983,TRUE,0,1,0,140,425000
Unit_946,143.7625188,wind_onshore,0,373.782549,TRUE,0,1,0,140,1040000
Unit_947,59.65525494,solar pv,0,259.500359,TRUE,0,1,0,157,425000
Unit_948,274.9496966,solar pv,0,1196.03118,TRUE,0,1,0,199,425000
Unit_949,126.563582,wind_onshore,0,329.0653133,TRUE,0,1,0,199,1040000
Unit_950,115.0569568,solar pv,0,500.497762,TRUE,0,1,0,35,425000
Unit_951,97.27974938,wind_onshore,0,252.9273484,TRUE,0,1,0,35,1040000
Unit_952,356.8428182,solar pv,0,1552.266259,TRUE,0,1,0,122,425000
Unit_953,109.1270872,wind_onshore,0,283.7304268,TRUE,0,1,0,122,1040000
Unit_954,263.1721772,solar pv,0,1144.798971,TRUE,0,1,0,150,425000
Unit_955,84.21943786,solar pv,0,366.3545547,TRUE,0,1,0,38,425000
Unit_956,320.2120651,solar pv,0,1392.922483,TRUE,0,1,0,17,425000
Unit_957,28.78543406,wind_onshore,0,74.84212855,TRUE,0,1,0,17,1040000
Unit_958,119.0914411,solar pv,0,518.0477686,TRUE,0,1,0,132,425000
Unit_959,340.7064455,solar pv,0,1482.073038,TRUE,0,1,0,1,425000
Unit_960,55.08202635,wind_onshore,0,143.2132685,TRUE,0,1,0,1,1040000
Unit_961,391.5072591,solar pv,0,1703.056577,TRUE,0,1,0,43,425000
Unit_962,174.9598557,wind_onshore,0,454.8956248,TRUE,0,1,0,43,1040000
Unit_963,3707.414453,wind_offshore,0,17424.84793,TRUE,0,1,0,129,1640000
Unit_964,341.0492101,solar pv,0,1483.564064,TRUE,0,1,0,187,425000
Unit_965,146.1514657,wind_onshore,0,379.9938107,TRUE,0,1,0,187,1040000
Unit_966,245.0932,solar pv,0,1066.15542,TRUE,0,1,0,38,425000
Unit_967,76.36989562,wind_onshore,0,198.5617286,TRUE,0,1,0,38,1040000
Unit_968,519.9836186,solar pv,0,2261.928741,TRUE,0,1,0,148,425000
Unit_969,275.0563372,wind_onshore,0,715.1464768,TRUE,0,1,0,148,1040000
Unit_970,349.8164405,solar pv,0,1521.701516,TRUE,0,1,0,70,425000
Unit_971,170.5841573,wind_onshore,0,443.5188089,TRUE,0,1,0,70,1040000
Unit_972,309.0218225,solar pv,0,1344.244928,TRUE,0,1,0,38,425000
Unit_973,59.99160719,wind_onshore,0,155.9781787,TRUE,0,1,0,38,1040000
Unit_974,149.7015019,solar pv,0,651.2015333,TRUE,0,1,0,38,425000
Unit_975,147.842193,solar pv,0,643.1135397,TRUE,0,1,0,177,425000
Unit_976,52.60569269,wind_onshore,0,136.774801,TRUE,0,1,0,177,1040000
Unit_977,700.9414772,solar pv,0,3049.095426,TRUE,0,1,0,56,425000
Unit_978,465.2398185,wind_onshore,0,1209.623528,TRUE,0,1,0,56,1040000
Unit_979,195.0476961,solar pv,0,848.4574779,TRUE,0,1,0,90,425000
Unit_980,95.65847145,solar pv,0,416.1143508,TRUE,0,1,0,114,425000
Unit_981,262.4150717,solar pv,0,1141.505562,TRUE,0,1,0,54,425000
Unit_982,42.44309135,wind_onshore,0,110.3520375,TRUE,0,1,0,54,1040000
Unit_983,492.6800228,solar pv,0,2143.158099,TRUE,0,1,0,143,425000
Unit_984,267.9527707,wind_onshore,0,696.6772037,TRUE,0,1,0,143,1040000
Unit_985,143.059162,solar pv,0,622.3073548,TRUE,0,1,0,0,425000
Unit_986,54.01246665,wind_onshore,0,140.4324133,TRUE,0,1,0,0,1040000
Unit_987,440.3681453,solar pv,0,1915.601432,TRUE,0,1,0,109,425000
Unit_988,74.00568508,wind_onshore,0,192.4147812,TRUE,0,1,0,109,1040000
Unit_989,548.9151368,solar pv,0,2387.780845,TRUE,0,1,0,73,425000
Unit_990,299.1318059,wind_onshore,0,777.7426954,TRUE,0,1,0,73,1040000
Unit_991,200.9695029,solar pv,0,874.2173374,TRUE,0,1,0,79,425000
Unit_992,151.56473,wind_onshore,0,394.0682979,TRUE,0,1,0,79,1040000
Unit_993,360.0395039,solar pv,0,1566.171842,TRUE,0,1,0,150,425000
Unit_994,130.85733,wind_onshore,0,340.229058,TRUE,0,1,0,150,1040000
Unit_995,429.7020076,solar pv,0,1869.203733,TRUE,0,1,0,160,425000
Unit_996,370.6124403,wind_onshore,0,963.5923448,TRUE,0,1,0,160,1040000
Unit_997,257.2083455,solar pv,0,1118.856303,TRUE,0,1,0,160,425000
Unit_998,252.7873977,wind_onshore,0,657.2472339,TRUE,0,1,0,160,1040000
Unit_999,492.0181209,solar pv,0,2140.278826,TRUE,0,1,0,193,425000
Unit_1000,202.123761,wind_onshore,0,525.5217787,TRUE,0,1,0,193,1040000
Unit_1001,103.9882139,solar pv,0,452.3487303,TRUE,0,1,0,36,425000
Unit_1002,231.1864354,solar pv,0,1005.660994,TRUE,0,1,0,99,425000
Unit_1003,213.5557186,wind_onshore,0,555.2448683,TRUE,0,1,0,99,1040000
Unit_1004,47.56201821,solar pv,0,206.8947792,TRUE,0,1,0,57,425000
Unit_1005,514.7081103,solar pv,0,2238.98028,TRUE,0,1,0,130,425000
Unit_1006,493.6209115,solar pv,0,2147.250965,TRUE,0,1,0,163,425000
Unit_1007,342.7818839,wind_onshore,0,891.2328981,TRUE,0,1,0,163,1040000
Unit_1008,319.0532593,solar pv,0,1387.881678,TRUE,0,1,0,195,425000
Unit_1009,37.35150156,wind_onshore,0,97.11390406,TRUE,0,1,0,195,1040000
Unit_1010,83.71580331,solar pv,0,364.1637444,TRUE,0,1,0,24,425000
Unit_1011,146.5429738,solar pv,0,637.461936,TRUE,0,1,0,27,425000
Unit_1012,460.1637775,solar pv,0,2001.712432,TRUE,0,1,0,134,425000
Unit_1013,331.4823889,wind_onshore,0,861.8542111,TRUE,0,1,0,134,1040000
Unit_1014,315.2777448,solar pv,0,1371.45819,TRUE,0,1,0,55,425000
Unit_1015,175.033345,wind_onshore,0,455.0866969,TRUE,0,1,0,55,1040000
Unit_1016,641.8906708,solar pv,0,2792.224418,TRUE,0,1,0,34,425000
Unit_1017,255.2622358,wind_onshore,0,663.6818131,TRUE,0,1,0,34,1040000
Unit_1018,251.4314897,solar pv,0,1093.72698,TRUE,0,1,0,40,425000
Unit_1019,58.85349596,wind_onshore,0,153.0190895,TRUE,0,1,0,40,1040000
Unit_1020,546.7637064,solar pv,0,2378.422123,TRUE,0,1,0,40,425000
Unit_1021,282.9110995,wind_onshore,0,735.5688587,TRUE,0,1,0,40,1040000
Unit_1022,442.7117844,solar pv,0,1925.796262,TRUE,0,1,0,118,425000
Unit_1023,629.0553062,wind_onshore,0,1635.543796,TRUE,0,1,0,118,1040000
Unit_1024,225.0533404,solar pv,0,978.9820308,TRUE,0,1,0,30,425000
Unit_1025,165.2278361,wind_onshore,0,429.5923738,TRUE,0,1,0,30,1040000
Unit_1026,406.1147549,solar pv,0,1766.599184,TRUE,0,1,0,7,425000
Unit_1027,75.75347085,wind_onshore,0,196.9590242,TRUE,0,1,0,7,1040000
Unit_1028,322.8803115,solar pv,0,1404.529355,TRUE,0,1,0,59,425000
Unit_1029,312.7156372,wind_onshore,0,813.0606566,TRUE,0,1,0,59,1040000
Unit_1030,636.2195738,solar pv,0,2767.555146,TRUE,0,1,0,169,425000
Unit_1031,335.7474352,wind_onshore,0,872.9433314,TRUE,0,1,0,169,1040000
Unit_1032,483.686837,solar pv,0,2104.037741,TRUE,0,1,0,175,425000
Unit_1033,345.9023198,wind_onshore,0,899.3460314,TRUE,0,1,0,175,1040000
Unit_1034,198.486724,solar pv,0,863.4172494,TRUE,0,1,0,45,425000
Unit_1035,139.6877788,wind_onshore,0,363.1882248,TRUE,0,1,0,45,1040000
Unit_1036,154.1457251,solar pv,0,670.5339041,TRUE,0,1,0,121,425000
Unit_1037,118.7771821,wind_onshore,0,308.8206735,TRUE,0,1,0,121,1040000
Unit_1038,212.4676937,solar pv,0,924.2344675,TRUE,0,1,0,8,425000
Unit_1039,227.8762678,solar pv,0,991.2617651,TRUE,0,1,0,25,425000
Unit_1040,336.4942305,wind_onshore,0,874.8849992,TRUE,0,1,0,25,1040000
Unit_1041,110.6451048,solar pv,0,481.3062057,TRUE,0,1,0,146,425000
Unit_1042,30.79855747,wind_onshore,0,80.07624941,TRUE,0,1,0,146,1040000
Unit_1043,805.5890354,solar pv,0,3504.312304,TRUE,0,1,0,182,425000
Unit_1044,1157.354607,wind_onshore,0,3009.121977,TRUE,0,1,0,182,1040000
Unit_1045,80.2237217,solar pv,0,348.9731894,TRUE,0,1,0,146,425000
Unit_1046,46.26223662,wind_onshore,0,120.2818152,TRUE,0,1,0,146,1040000
Unit_1047,178.773419,solar pv,0,777.6643725,TRUE,0,1,0,30,425000
Unit_1048,318.7628816,solar pv,0,1386.618535,TRUE,0,1,0,26,425000
Unit_1049,197.7141562,wind_onshore,0,514.0568062,TRUE,0,1,0,26,1040000
Unit_1050,366.2826867,solar pv,0,1593.329687,TRUE,0,1,0,51,425000
Unit_1051,340.3442069,wind_onshore,0,884.894938,TRUE,0,1,0,51,1040000
Unit_1052,40.99592407,solar pv,0,178.3322697,TRUE,0,1,0,161,425000
Unit_1053,511.8823398,solar pv,0,2226.688178,TRUE,0,1,0,151,425000
Unit_1054,528.875735,wind_onshore,0,1375.076911,TRUE,0,1,0,151,1040000
Unit_1055,363.8537428,solar pv,0,1582.763781,TRUE,0,1,0,97,425000
Unit_1056,228.8600971,wind_onshore,0,595.0362525,TRUE,0,1,0,97,1040000
Unit_1057,423.9442694,solar pv,0,1844.157572,TRUE,0,1,0,149,425000
Unit_1058,215.6150187,wind_onshore,0,560.5990486,TRUE,0,1,0,149,1040000
Unit_1059,392.02904,solar pv,0,1705.326324,TRUE,0,1,0,85,425000
Unit_1060,165.8842342,wind_onshore,0,431.2990088,TRUE,0,1,0,85,1040000
Unit_1061,394.7957434,solar pv,0,1717.361484,TRUE,0,1,0,85,425000
Unit_1062,311.301493,wind_onshore,0,809.3838818,TRUE,0,1,0,85,1040000
Unit_1063,586.3626271,solar pv,0,2550.677428,TRUE,0,1,0,166,425000
Unit_1064,168.4878357,wind_onshore,0,438.0683729,TRUE,0,1,0,166,1040000
Unit_1065,235.2199044,solar pv,0,1023.206584,TRUE,0,1,0,69,425000
Unit_1066,49.29836735,wind_onshore,0,128.1757551,TRUE,0,1,0,69,1040000
Unit_1067,556.5264101,solar pv,0,2420.889884,TRUE,0,1,0,142,425000
Unit_1068,151.017064,wind_onshore,0,392.6443665,TRUE,0,1,0,142,1040000
Unit_1069,713.8322205,solar pv,0,3105.170159,TRUE,0,1,0,76,425000
Unit_1070,273.6831344,wind_onshore,0,711.5761495,TRUE,0,1,0,76,1040000
Unit_1071,650.0603549,solar pv,0,2827.762544,TRUE,0,1,0,22,425000
Unit_1072,156.9390174,wind_onshore,0,408.0414453,TRUE,0,1,0,22,1040000
Unit_1073,258.5698391,solar pv,0,1124.7788,TRUE,0,1,0,20,425000
Unit_1074,144.9750457,solar pv,0,630.6414489,TRUE,0,1,0,113,425000
Unit_1075,238.0166642,wind_onshore,0,618.843327,TRUE,0,1,0,113,1040000
Unit_1076,900.9814697,solar pv,0,3919.269393,TRUE,0,1,0,196,425000
Unit_1077,579.7055504,wind_onshore,0,1507.234431,TRUE,0,1,0,196,1040000
Unit_1078,648.3046821,solar pv,0,2820.125367,TRUE,0,1,0,95,425000
Unit_1079,36.56911213,wind_onshore,0,95.07969153,TRUE,0,1,0,95,1040000
Unit_1080,744.083212,solar pv,0,3236.761972,TRUE,0,1,0,107,425000
Unit_1081,3911.861,wind_offshore,0,18385.7467,TRUE,0,1,0,107,1640000
Unit_1082,1411.474438,wind_onshore,0,3669.833539,TRUE,0,1,0,107,1040000
Unit_1083,366.8088811,solar pv,0,1595.618633,TRUE,0,1,0,62,425000
Unit_1084,339.3227108,wind_onshore,0,882.239048,TRUE,0,1,0,62,1040000
Unit_1085,414.7452524,solar pv,0,1804.141848,TRUE,0,1,0,145,425000
Unit_1086,473.6426385,wind_onshore,0,1231.47086,TRUE,0,1,0,145,1040000
Unit_1087,658.1273851,solar pv,0,2862.854125,TRUE,0,1,0,124,425000
Unit_1088,583.9982619,wind_onshore,0,1518.395481,TRUE,0,1,0,124,1040000
Unit_1089,723.0870457,solar pv,0,3145.428649,TRUE,0,1,0,113,425000
Unit_1090,639.4450685,wind_onshore,0,1662.557178,TRUE,0,1,0,113,1040000
Unit_1091,536.3390499,solar pv,0,2333.074867,TRUE,0,1,0,12,425000
Unit_1092,631.6843077,wind_onshore,0,1642.3792,TRUE,0,1,0,12,1040000
Unit_1093,104.3029931,solar pv,0,453.7180202,TRUE,0,1,0,168,425000
Unit_1094,69.6163015,wind_onshore,0,181.0023839,TRUE,0,1,0,168,1040000
Unit_1095,812.8065074,solar pv,0,3535.708307,TRUE,0,1,0,34,425000
Unit_1096,393.1582469,wind_onshore,0,1022.211442,TRUE,0,1,0,34,1040000
Unit_1097,410.1054014,solar pv,0,1783.958496,TRUE,0,1,0,66,425000
Unit_1098,392.2655115,wind_onshore,0,1019.89033,TRUE,0,1,0,66,1040000
Unit_1099,400.7251285,solar pv,0,1743.154309,TRUE,0,1,0,121,425000
Unit_1100,373.1746484,wind_onshore,0,970.2540859,TRUE,0,1,0,121,1040000
Unit_1101,1341.705345,solar pv,0,5836.41825,TRUE,0,1,0,101,425000
Unit_1102,513.2361815,wind_onshore,0,1334.414072,TRUE,0,1,0,101,1040000
Unit_1103,380.6529375,solar pv,0,1655.840278,TRUE,0,1,0,188,425000
Unit_1104,206.2389328,wind_onshore,0,536.2212252,TRUE,0,1,0,188,1040000
Unit_1105,1199.630586,solar pv,0,5218.393048,TRUE,0,1,0,58,425000
Unit_1106,239.8716894,solar pv,0,1043.441849,TRUE,0,1,0,87,425000
Unit_1107,215.7157219,wind_onshore,0,560.860877,TRUE,0,1,0,87,1040000
Unit_1108,632.3648809,solar pv,0,2750.787232,TRUE,0,1,0,37,425000
Unit_1109,628.0589585,wind_onshore,0,1632.953292,TRUE,0,1,0,37,1040000
Unit_1110,537.6592189,solar pv,0,2338.817602,TRUE,0,1,0,87,425000
Unit_1111,423.3966396,wind_onshore,0,1100.831263,TRUE,0,1,0,87,1040000
Unit_1112,225.8060762,solar pv,0,982.2564313,TRUE,0,1,0,46,425000
Unit_1113,205.2526019,wind_onshore,0,533.656765,TRUE,0,1,0,46,1040000
Unit_1114,262.1882917,solar pv,0,1140.519069,TRUE,0,1,0,28,425000
Unit_1115,68.96080415,wind_onshore,0,179.2980908,TRUE,0,1,0,28,1040000
Unit_1116,359.9194131,solar pv,0,1565.649447,TRUE,0,1,0,11,425000
Unit_1117,329.8662818,solar pv,0,1434.918326,TRUE,0,1,0,170,425000
Unit_1118,98.64538619,wind_onshore,0,256.4780041,TRUE,0,1,0,170,1040000
Unit_1119,829.9487982,solar pv,0,3610.277272,TRUE,0,1,0,154,425000
Unit_1120,942.0787704,wind_onshore,0,2449.404803,TRUE,0,1,0,154,1040000
Unit_1121,240.512383,solar pv,0,1046.228866,TRUE,0,1,0,16,425000
Unit_1122,43.68019765,wind_onshore,0,113.5685139,TRUE,0,1,0,16,1040000
Unit_1123,119.5617446,solar pv,0,520.093589,TRUE,0,1,0,16,425000
Unit_1124,627.9975731,solar pv,0,2731.789443,TRUE,0,1,0,189,425000
Unit_1125,502.6256,wind_onshore,0,1306.82656,TRUE,0,1,0,189,1040000
Unit_1126,42.9516889,solar pv,0,186.8398467,TRUE,0,1,0,116,425000
Unit_1127,122.6332137,solar pv,0,533.4544797,TRUE,0,1,0,21,425000
Unit_1128,339.1444225,solar pv,0,1475.278238,TRUE,0,1,0,199,425000
Unit_1129,179.6449492,wind_onshore,0,467.0768679,TRUE,0,1,0,199,1040000
Unit_1130,197.7221582,solar pv,0,860.0913882,TRUE,0,1,0,131,425000
Unit_1131,29.22051595,wind_onshore,0,75.97334146,TRUE,0,1,0,131,1040000
Unit_1132,255.9390841,solar pv,0,1113.335016,TRUE,0,1,0,166,425000
Unit_1133,49.77594265,wind_onshore,0,129.4174509,TRUE,0,1,0,166,1040000
Unit_1134,1400.933511,solar pv,0,6094.060774,TRUE,0,1,0,78,425000
Unit_1135,739.4355296,wind_onshore,0,1922.532377,TRUE,0,1,0,78,1040000
Unit_1136,218.5869099,solar pv,0,950.8530579,TRUE,0,1,0,80,425000
Unit_1137,206.3989395,wind_onshore,0,536.6372427,TRUE,0,1,0,80,1040000
Unit_1138,97.39472202,solar pv,0,423.6670408,TRUE,0,1,0,51,425000
Unit_1139,350.003829,solar pv,0,1522.516656,TRUE,0,1,0,51,425000
Unit_1140,355.7223237,wind_onshore,0,924.8780417,TRUE,0,1,0,51,1040000
Unit_1141,1038.684014,solar pv,0,4518.275461,TRUE,0,1,0,84,425000
Unit_1142,1126.499802,wind_onshore,0,2928.899486,TRUE,0,1,0,84,1040000
Unit_1143,227.0001966,solar pv,0,987.450855,TRUE,0,1,0,0,425000
Unit_1144,94.53198785,wind_onshore,0,245.7831684,TRUE,0,1,0,0,1040000
Unit_1145,429.5185225,solar pv,0,1868.405573,TRUE,0,1,0,1,425000
Unit_1146,142.5846841,wind_onshore,0,370.7201787,TRUE,0,1,0,1,1040000
Unit_1147,624.8281609,solar pv,0,2718.0025,TRUE,0,1,0,178,425000
Unit_1148,755.5106738,wind_onshore,0,1964.327752,TRUE,0,1,0,178,1040000
Unit_1149,489.8110736,solar pv,0,2130.67817,TRUE,0,1,0,84,425000
Unit_1150,182.0236929,wind_onshore,0,473.2616016,TRUE,0,1,0,84,1040000
Unit_1151,122.9769906,solar pv,0,534.9499093,TRUE,0,1,0,97,425000
Unit_1152,68.38292746,wind_onshore,0,177.7956114,TRUE,0,1,0,97,1040000
Unit_1153,552.187726,solar pv,0,2402.016608,TRUE,0,1,0,36,425000
Unit_1154,241.681633,wind_onshore,0,628.3722458,TRUE,0,1,0,36,1040000
Unit_1155,104.5721636,solar pv,0,454.8889115,TRUE,0,1,0,9,425000
Unit_1156,24.25566172,wind_onshore,0,63.06472048,TRUE,0,1,0,9,1040000
Unit_1157,317.5847729,solar pv,0,1381.493762,TRUE,0,1,0,100,425000
Unit_1158,118.0190418,wind_onshore,0,306.8495088,TRUE,0,1,0,100,1040000
Unit_1159,300.6558607,solar pv,0,1307.852994,TRUE,0,1,0,71,425000
Unit_1160,236.5617822,wind_onshore,0,615.0606337,TRUE,0,1,0,71,1040000
Unit_1161,198.5973149,solar pv,0,863.89832,TRUE,0,1,0,33,425000
Unit_1162,214.5020474,solar pv,0,933.0839062,TRUE,0,1,0,18,425000
Unit_1163,211.8512335,solar pv,0,921.5528657,TRUE,0,1,0,17,425000
Unit_1164,104.0209102,solar pv,0,452.4909592,TRUE,0,1,0,9,425000
Unit_1165,83.39955792,wind_onshore,0,216.8388506,TRUE,0,1,0,9,1040000
Unit_1166,384.6236947,solar pv,0,1673.113072,TRUE,0,1,0,152,425000
Unit_1167,287.7052019,wind_onshore,0,748.0335249,TRUE,0,1,0,152,1040000
Unit_1168,553.1128566,solar pv,0,2406.040926,TRUE,0,1,0,106,425000
Unit_1169,612.3211669,wind_onshore,0,1592.035034,TRUE,0,1,0,106,1040000
Unit_1170,28.73459214,solar pv,0,124.9954758,TRUE,0,1,0,176,425000
Unit_1171,239.1896855,solar pv,0,1040.475132,TRUE,0,1,0,65,425000
Unit_1172,30.91624968,wind_onshore,0,80.38224918,TRUE,0,1,0,65,1040000
Unit_1173,44.88905699,solar pv,0,195.2673979,TRUE,0,1,0,120,425000
Unit_1174,192.1098509,solar pv,0,835.6778513,TRUE,0,1,0,8,425000
Unit_1175,163.4940048,wind_onshore,0,425.0844125,TRUE,0,1,0,8,1040000
Unit_1176,222.8918216,solar pv,0,969.5794239,TRUE,0,1,0,8,425000
Unit_1177,137.796578,wind_onshore,0,358.2711027,TRUE,0,1,0,8,1040000
Unit_1178,515.0986701,solar pv,0,2240.679215,TRUE,0,1,0,61,425000
Unit_1179,103.9074533,wind_onshore,0,270.1593787,TRUE,0,1,0,61,1040000
Unit_1180,517.0182616,solar pv,0,2249.029438,TRUE,0,1,0,88,425000
Unit_1181,67.03009223,wind_onshore,0,174.2782398,TRUE,0,1,0,88,1040000
Unit_1182,404.0385262,solar pv,0,1757.567589,TRUE,0,1,0,4,425000
Unit_1183,177.909252,solar pv,0,773.9052462,TRUE,0,1,0,4,425000
Unit_1184,26.87194054,wind_onshore,0,69.8670454,TRUE,0,1,0,4,1040000
Unit_1185,263.9650103,solar pv,0,1148.247795,TRUE,0,1,0,89,425000
Unit_1186,97.72366854,wind_onshore,0,254.0815382,TRUE,0,1,0,89,1040000
Unit_1187,233.2886423,solar pv,0,1014.805594,TRUE,0,1,0,147,425000
Unit_1188,373.0106356,solar pv,0,1622.596265,TRUE,0,1,0,14,425000
Unit_1189,370.9446147,wind_onshore,0,964.4559981,TRUE,0,1,0,14,1040000
Unit_1190,156.8579206,solar pv,0,682.3319544,TRUE,0,1,0,14,425000
Unit_1191,91.57712731,wind_onshore,0,238.100531,TRUE,0,1,0,14,1040000
Unit_1192,161.8827338,solar pv,0,704.1898921,TRUE,0,1,0,102,425000
Unit_1193,137.0458337,wind_onshore,0,356.3191676,TRUE,0,1,0,102,1040000
Unit_1194,320.6842407,solar pv,0,1394.976447,TRUE,0,1,0,102,425000
Unit_1195,127.9668071,wind_onshore,0,332.7136984,TRUE,0,1,0,102,1040000
Unit_1196,181.1558707,solar pv,0,788.0280375,TRUE,0,1,0,139,425000
Unit_1197,45.66717418,solar pv,0,198.6522077,TRUE,0,1,0,42,425000
Unit_1198,71.32837972,solar pv,0,310.2784518,TRUE,0,1,0,75,425000
Unit_1199,55.43009296,wind_onshore,0,144.1182417,TRUE,0,1,0,75,1040000
Unit_1200,327.4478285,solar pv,0,1424.398054,TRUE,0,1,0,48,425000
Unit_1201,409.80496,wind_onshore,0,1065.492896,TRUE,0,1,0,48,1040000
Unit_1202,364.688446,solar pv,0,1586.39474,TRUE,0,1,0,155,425000
Unit_1203,415.0069827,wind_onshore,0,1079.018155,TRUE,0,1,0,155,1040000
Unit_1204,73.90658526,solar pv,0,321.4936459,TRUE,0,1,0,35,425000
Unit_1205,28.25877893,wind_onshore,0,73.47282523,TRUE,0,1,0,35,1040000
Unit_1206,12.99390476,solar pv,0,56.52348569,TRUE,0,1,0,8,425000
Unit_1207,327.3484697,solar pv,0,1423.965843,TRUE,0,1,0,47,425000
Unit_1208,135.1355072,wind_onshore,0,351.3523188,TRUE,0,1,0,47,1040000
Unit_1209,184.6560183,solar pv,0,803.2536795,TRUE,0,1,0,47,425000
Unit_1210,37.06739309,wind_onshore,0,96.37522203,TRUE,0,1,0,47,1040000
Unit_1211,38.69994372,solar pv,0,168.3447552,TRUE,0,1,0,197,425000
Unit_1212,297.3532152,solar pv,0,1293.486486,TRUE,0,1,0,183,425000
Unit_1213,262.1671983,wind_onshore,0,681.6347156,TRUE,0,1,0,183,1040000
Unit_1214,111.3320422,solar pv,0,484.2943836,TRUE,0,1,0,100,425000
Unit_1215,100.9662474,solar pv,0,439.2031762,TRUE,0,1,0,100,425000
Unit_1216,339.2433303,solar pv,0,1475.708487,TRUE,0,1,0,107,425000
Unit_1217,233.0402711,wind_onshore,0,605.9047049,TRUE,0,1,0,107,1040000
